Date,AAPL,BTC-USD,JNJ,XOM
2020-01-03,-0.009721929506579796,0.05145166344511276,-0.011577760914565083,-0.008039599383281248
2020-01-07,-0.004702658836538198,0.050773846435889336,0.006106620947619934,-0.00818396678761657
2020-01-08,0.01608611847824659,-0.010268587535248286,-0.0001380483829517276,-0.015080560620176708
2020-01-09,0.021240656524638357,-0.024850855645838776,0.0029663827701853496,0.007655806344494254
2020-01-10,0.002260682814936521,0.03648690303834745,-0.0022694388193397197,-0.008887672500988986
2020-01-14,-0.013503448357123693,0.08393344808628167,0.005627837968974703,-0.008595749642295036
2020-01-15,-0.004285345981258293,-0.002350980919464507,0.0033443441779554828,-0.0015894249497484525
2020-01-16,0.01252649078018675,-0.009449813541879348,0.008094774198940335,-0.003907993828695
2020-01-17,0.011070934279505229,0.02352785247141642,0.006545155704264616,-0.0037781625052961676
2020-01-22,0.003569128711285563,-0.007434180055016837,-0.006832893301850662,-0.005770817210481671
2020-01-23,0.004816066372712813,-0.03160514587505292,0.0018882705182885484,-0.006251123729011043
2020-01-24,-0.002882154959601757,0.004629616722148233,-0.0014135796083575292,-0.006739383722910386
2020-01-28,0.028289586709940417,0.05036808165148732,0.00504231476165784,-0.0013900627091716355
2020-01-29,0.020932106220772795,-0.004483577295090302,0.00695637680426997,-0.00835269235831182
2020-01-30,-0.0014487218245268219,0.02064730312029206,-0.0011955825937651765,0.010606862087762847
2020-01-31,-0.0443391491367765,-0.016664631518128026,-0.00990948595326746,-0.04121040151802946
2020-02-04,0.03301354355512176,-0.012111511652417528,0.009522555189748427,-0.012514379242393403
2020-02-05,0.008154199104325466,0.047104093835473426,0.015765026186590925,0.04602300223693967
2020-02-06,0.011697025198932343,0.012105773319493585,-0.002986859586934676,-0.013550313704660755
2020-02-07,-0.013592512882060426,0.006797836503646293,-0.010682227910872255,-0.0066256062253001735
2020-02-11,-0.0060338096016189224,0.03567402510806805,0.0008562432264158648,0.009506559675499515
2020-02-12,0.023748069830876295,0.011541499979814906,-0.005921599037268188,0.01222523143255061
2020-02-13,-0.007121025785926105,-0.010814856987217514,-0.006618360731131756,-0.005548966521210841
2020-02-14,0.00024619098900169334,0.009568503349817403,0.0002661521341087436,-0.004595472565942504
2020-02-19,0.01448313372804022,-0.05014884351152826,-0.0013408212138728004,0.0076820492815594665
2020-02-20,-0.010259458906745289,-0.0025859164113087862,-0.003826967979018492,-0.007954901528427372
2020-02-21,-0.022634703680245227,0.008114275736580634,0.010514221180498273,-0.012195029219755571
2020-02-25,-0.03387225895538504,-0.031965195740564556,-0.008635836097713234,-0.038324830253463005
2020-02-26,0.015863351428513806,-0.05579095174048332,-0.006705654898937707,-0.021955914856702563
2020-02-27,-0.0653680233319045,-0.0040846016176541156,-0.03173737010502886,-0.06017707782616977
2020-02-28,-0.0005848205699842124,-0.012754184897438958,-0.03335243680126998,0.03251696303663398
2020-03-03,-0.03175920694285339,-0.009231886844013548,-0.03163832873241046,-0.04788423112185847
2020-03-04,0.0463846621116204,-0.0037028710724991143,0.05819004844079734,0.021832040392068208
2020-03-05,-0.03243704692218674,0.03695117168590434,-0.01024571554924758,-0.0440668611707804
2020-03-06,-0.013280202033180921,0.004822595830994203,0.00014118629913406622,-0.048293978816877026
2020-03-10,0.07202122018432422,-0.0017561412564156553,0.03811183145854158,0.03702778308519128
2020-03-11,-0.03473021728420633,0.00021501160000858555,-0.06947168678793647,-0.03294154925723114
2020-03-12,-0.09875487462594479,-0.37169538560117077,-0.04848270665068577,-0.11434033942960065
2020-03-13,0.11980851590092301,0.11928067241286833,0.07080763163940484,0.025282410476739958
2020-03-17,0.04397014608415861,0.04210793838741411,0.07441191793325586,0.06726597806814372
2020-03-18,-0.024480104802884872,0.0024512036855608432,-0.011933480566789112,-0.10024457884647764
2020-03-19,-0.007662053480767206,0.18187755736638023,-0.0586099176901107,0.03955341893475817
2020-03-20,-0.06348572229441962,0.001225199953657663,-0.05635577565415828,-0.04908508041380055
2020-03-24,0.10032557520984375,0.04963733427047878,0.07234112341123411,0.12686787510481956
2020-03-25,-0.005508846832635306,-0.007979552925792555,0.001846006336173378,0.052200715680355
2020-03-26,0.052623074059624964,0.005295181540467819,0.06005008632628783,0.04103006474859039
2020-03-27,-0.04140229506872817,-0.03672214358569481,-0.02694147939988134,-0.048171260302114605
2020-03-31,-0.0020405994721764964,0.0013690436954885143,-0.014134236304990888,0.01253326607202121
2020-04-01,-0.05261716540644301,0.026112924097839496,-0.017692295941307057,-0.011587925135667199
2020-04-02,0.016686535256332347,0.028281287899985408,0.03369275843623676,0.07647212132169168
2020-04-03,-0.014371354596115937,-0.008866740365705117,0.007660657318038,-0.029455460453825966
2020-04-07,-0.011582397772518682,-0.013114627068677276,-0.01631342034719463,0.01902643122939618
2020-04-08,0.02559495370667042,0.02197254365887824,0.04204220701355199,0.06328798114845968
2020-04-09,0.00721600779821574,-0.004364445986660415,-0.014169655813652371,-0.01641962607579661
2020-04-14,0.050503031221862615,-0.0003812781513637953,0.044787770763929036,-0.007717173295763602
2020-04-15,-0.009127502781326458,-0.029275847531044064,0.011161988449284399,-0.04595830552200386
2020-04-16,0.007945929888161674,0.07146740203164859,0.013612558662257523,-0.03285564719004963
2020-04-17,-0.013568902102904512,-0.002897315751431484,0.015701345621199625,0.10395874998650512
2020-04-21,-0.030910273802511656,-0.00023761461322069355,-0.01312057682729284,-0.005342197824021344
2020-04-22,0.028803499171234037,0.034429236680519004,0.022113868757820843,0.028564028279373543
2020-04-23,-0.003875484950245811,0.043910071328696176,0.016471439211405592,0.03133184285032975
2020-04-24,0.028869702426136845,0.016309658285092787,-0.004179945499053206,0.006443893255347222
2020-04-28,-0.016209332963875833,0.001469741643032707,-0.018795961773653058,0.02344115606396846
2020-04-29,0.03284513265609834,0.1273180520232342,-0.007596020884989563,0.05537009553468164
2020-04-30,0.02109602588613768,-0.01618949646720247,-0.0013313988570798907,-0.020859652848514987
2020-05-01,-0.01609928681664008,0.023816089558295506,-0.011663527080755243,-0.07165903104061477
2020-05-05,0.015008466267355747,0.010144678859214995,0.00829560423409803,-0.0011141744003357879
2020-05-06,0.010317663533937704,0.029511199738283755,-0.009498225721922937,-0.01873737945137588
2020-05-07,0.01034494963854371,0.07366214135771076,-0.0033089836868804845,0.005683353855323814
2020-05-08,0.023801385634237615,-0.010938284289408906,0.007520568611478318,0.04385177238938853
2020-05-12,-0.01142780712419078,0.023562712138033515,-0.01321197809684993,-0.016715076462909595
2020-05-13,-0.012074008997311814,0.05287193516704303,-6.782528941340349e-05,-0.049637285623280625
2020-05-14,0.006143028487660018,0.05002535168149658,0.0034663772264271753,0.008824004043379574
2020-05-15,-0.005911926907899323,-0.04166180495059313,0.018964899009700442,-0.007091857987449046
2020-05-19,-0.005778497462684107,0.00025321252090737545,-0.009965357980819989,-0.030877950383121355
2020-05-20,0.01944809149374027,-0.02117954918100662,-0.008992153958900184,0.03254430337057834
2020-05-21,-0.007455088066039117,-0.04633209978369557,-0.006568254761204151,-0.017853120053815563
2020-05-22,0.006438228053663675,0.01110086707949609,-0.009128388310954194,0.0008979974052225614
2020-05-27,0.004356978114593568,0.039158209254817056,0.0022830777077702535,0.007188197146160924
2020-05-28,0.00044011343958549887,0.037548495632866885,0.014355573837947055,-0.02595147025506417
2020-05-29,-0.0009742354018305033,-0.009093976247976698,0.01211115007970398,0.009547075512253533
2020-06-02,0.0046295227297366015,-0.06269774820259899,0.007201668702052855,0.022255855290396198
2020-06-03,0.005505148263663218,0.013317594606312655,0.002697915980345078,0.040794796058690075
2020-06-04,-0.008612480231587782,0.014903505382374727,-0.012916213707586222,-0.0028430201463801597
2020-06-05,0.028480996581354168,-0.013785177382049874,0.003884783130603031,0.08105901990621556
2020-06-09,0.03157781018335504,0.0024777121338637187,-0.005518627060639658,-0.02228728135988478
2020-06-10,0.025727705444301918,0.007594610876882513,0.012606548774699355,-0.05362504076373331
2020-06-11,-0.048010715377080126,-0.05555301055894357,-0.04688783286399123,-0.08825242124962662
2020-06-12,0.008633827323453636,0.01706353064227928,0.009086026474744324,0.021437549069078132
2020-06-16,0.026502403454415457,0.009239764861221245,0.0227257111828445,0.022486336440160182
2020-06-17,-0.0013917738215939446,-0.006056760681470541,-0.003046168691966278,-0.032572742435421964
2020-06-18,0.0003982038730387938,-0.007216479234543938,-0.004235268555363159,0.006219388552364258
2020-06-19,-0.005714627970377806,-0.013156009327927487,0.002928626751619312,-0.020034324417511296
2020-06-23,0.021344607615036537,-0.0019753474772544743,-0.0036965417283183477,0.006031994889003522
2020-06-24,-0.017652111061481568,-0.03282025643027875,-0.021279231625747852,-0.04710904211642386
2020-06-25,0.013275456205241287,-0.005239308190707503,-0.0010728210193703402,0.015055970867208002
2020-06-26,-0.030725534423261536,-0.010998117562784016,-0.013317036709108443,-0.03431495289245057
2020-06-30,0.008347484156431273,-0.005751513982724221,0.011435868717340814,0.00902561188839246
2020-07-01,-0.0018913849061942267,0.00988532488788163,-0.0017776512967830893,-0.02258531720125123
2020-07-02,0.0,-0.011368806022981404,0.004202860823060872,0.00846522750277856
2020-07-07,-0.0031026720378368733,-0.01314037643510968,-0.0009097220994844779,-0.025906540448626836
2020-07-08,0.023290035901409212,0.019028359994139876,0.0029406733255517015,-0.0023129022429432267
2020-07-09,0.004300365160708974,-0.015948231171979632,-0.00544434425684015,-0.04126116664124557
2020-07-10,0.0017493342261019063,9.052022711308894e-05,-0.0008426651311407296,0.03118971076351862
2020-07-14,0.01654850877487357,-4.331537576462985e-05,0.01866273634435478,0.033052069794458294
2020-07-15,0.00687737804230637,-0.005450155524782674,0.0022982203876793506,0.012707179613822062
2020-07-16,-0.012305100829985482,-0.006593108913667822,0.006677699053970532,-0.00784259443618096
2020-07-17,-0.0020203542679096964,0.002098616025556055,0.0006699449015650227,-0.017163302362721566
2020-07-21,-0.0138017123997064,0.02298678850016933,0.0009359560469051065,0.05058827033765767
2020-07-22,0.0028090206808071283,0.016050921443329758,0.0018028358832864466,-0.02329228859439203
2020-07-23,-0.045516153424246864,0.00584848921034431,-0.002666501791228293,0.00206363572537005
2020-07-24,-0.0024774474947831804,-0.004611142289210002,-0.009959166286169774,-0.006178494558700676
2020-07-28,-0.016427538479831583,-0.007101328925793737,-0.0023783941495266747,-0.011799643220510525
2020-07-29,0.019168362409154316,0.017194865809297744,-0.0019747276845885064,0.011022389774975494
2020-07-30,0.012100154335406899,0.0009680757576464583,0.0020469417627242414,-0.049057822482208024
2020-07-31,0.10468874785304827,0.0191025870102548,-0.007354986930739882,0.00501552894388424
2020-08-04,0.00667811796601625,-0.00359726129861071,-0.0008823773211817931,0.028875295219442654
2020-08-05,0.0036248017877205108,0.04828976175167332,0.008015061566527093,0.008741896537556082
2020-08-06,0.034889116266893394,0.002788023660583505,-0.00572769269248774,-0.004788945979812054
2020-08-07,-0.02273567504701801,-0.01513618086086388,0.007116379966370712,-0.004582955027786162
2020-08-11,-0.0297398300770354,-0.03936534391564839,-0.007160741354177214,0.010334765348969821
2020-08-12,0.0332341740984603,0.015284938573538076,0.018303152456192073,-0.00022684426350250142
2020-08-13,0.017697756311679358,0.017195015111304723,-0.01109206617912284,-0.024495462576446303
2020-08-14,-0.0008913302097259823,-0.0012955213149429268,0.0016216780138109677,0.0044175928627558925
2020-08-18,0.008332780795006434,-0.021475461465219614,0.007383337688938729,-0.004925034370743209
2020-08-19,0.0012548166585903964,-0.019426708460436926,0.001998526345793117,-0.011077116810530696
2020-08-20,0.02218954431915332,0.01021312934149976,0.006848876740120691,-0.015252618592678902
2020-08-21,0.051532432258248884,-0.024067507803910648,0.008849603610148638,-0.007502384089132397
2020-08-25,-0.008203644798938647,-0.034690018052305094,-0.0005916312957509051,-0.03173825459373669
2020-08-26,0.013599174537062053,0.010753745063331488,0.001578188103302125,-0.021282006493168693
2020-08-27,-0.011954521725655254,-0.01435938403704018,0.004464779409993902,-0.0067484336087327845
2020-08-28,-0.0016198177994138918,0.01934954061432026,0.004314470829663852,0.023905467877822106
2020-09-01,0.039832544029235084,0.024797762089964426,-0.012320008021693862,-0.012768809674491788
2020-09-02,-0.020718452069578674,-0.04648471948812871,0.015245443939276182,-0.006086810344801297
2020-09-03,-0.08006094810326903,-0.10239476124641311,-0.02782289299709051,-0.002041505412254674
2020-09-04,0.0006620552068490326,0.02601355576262887,-0.006419417923726245,-0.0007669922179941446
2020-09-09,0.039886486780914554,0.010939236349907233,0.016569358151895974,-0.006024198121060698
2020-09-10,-0.03264555759910226,0.011793293850096198,-0.018636993429072657,-0.025032955450089434
2020-09-11,-0.013129133602234111,0.0036452631180188266,0.005921678551005893,-0.0027027628068625464
2020-09-15,0.0015605623037928673,0.010871177190313608,0.003639996541223267,-0.010638436110121274
2020-09-16,-0.029513821583453725,0.01648188444401355,-0.0032910803143771927,0.04245948734113747
2020-09-17,-0.015963628962944454,-0.0023612995663134795,-0.00828831059671642,-0.0002646452579534442
2020-09-18,-0.03172004690213448,-0.00040225598714782596,0.013657631099757817,-0.016137513972500406
2020-09-22,0.015715944248410496,0.0072833400259153525,-0.006133586490403964,-0.024704871438259834
2020-09-23,-0.04194622558820971,-0.027733979972724532,0.0015949593408208784,-0.03208553252822122
2020-09-24,0.01026879343327769,0.050153282066164984,0.0015921113419119504,-0.002035555763880814
2020-09-25,0.03751629739223561,-0.006259218747560857,0.006843386411446106,0.009324147731873289
2020-09-29,-0.007567811583844342,0.012604356977915954,-0.00033977678813212897,-0.02917041279207433
2020-09-30,0.015075744812393932,-0.00554646448346463,0.012375831873481458,0.0014589952023285058
2020-10-01,0.008462106410913384,-0.015303370300178809,-0.010478111366466702,-0.03495512984487292
2020-10-02,-0.03228004532652773,-0.00409414143543152,-0.007331253548521044,-0.004527538026562805
2020-10-06,-0.02866941341715734,-0.017504646058134066,-0.013290377110689588,-0.01037335388708227
2020-10-07,0.01696721279599278,0.0060882710901424275,0.011076338819778542,0.0032943644319318732
2020-10-08,-0.0009559327237507187,0.023124708925124526,0.00682986022257448,0.05253725842191792
2020-10-09,0.017395839890769427,0.013629236597062944,0.0139700963396574,-0.01474764444976362
2020-10-13,-0.026527350232063873,-0.011203790312466544,-0.022918880091796323,-0.011839190597844773
2020-10-14,0.0007430045312244449,0.0003157232305546209,-0.0017525529412534269,-0.0020456679767537622
2020-10-15,-0.0039606781389578405,0.005760771167350187,-0.0061443435667931645,0.008784757587484648
2020-10-16,-0.014000792798643635,-0.01506927308750361,0.0061823299259011755,-0.010159703768948036
2020-10-20,0.013191800317978286,0.014843919324981414,0.001593126339581863,0.008378476810870339
2020-10-21,-0.005446261261782381,0.07614375520341321,-0.004289266100651945,-0.016023809078456908
2020-10-22,-0.009583569793681024,0.011089019970212055,0.007990127859239804,0.051266494745167535
2020-10-23,-0.006133435332085213,-0.0026494544392426933,0.0011030516678800506,-0.02008049424279479
2020-10-27,0.013472405826078004,0.04427990207523247,-0.005695911685946298,-0.015892227307647055
2020-10-28,-0.046312310866848394,-0.02804507535445777,-0.03346145993935967,-0.038086397313105924
2020-10-29,0.037050398605287915,0.012553242153156674,-0.00845577886618254,0.04434589580771742
2020-10-30,-0.056017853644409255,0.00808458072996765,-0.0005835366486710569,-0.010615765478968253
2020-11-03,0.015353470170502037,0.02950532012761009,-0.0013699239465311264,-0.017063658319971253
2020-11-04,0.04083655480454906,0.013147117963686394,0.006498052428939527,-0.0053877281900958085
2020-11-05,0.03549380764327292,0.10231863433740651,0.0025829126981637973,-0.0018058548882432524
2020-11-06,-0.001136199562328799,-0.0008965281862933772,0.017816100739495244,-0.011757333954023674
2020-11-10,-0.0030091043311732957,-0.0027010327388199418,0.015060223893589741,0.022185251327525357
2020-11-11,0.030352735058056357,0.02684194109497806,-0.0032366001410218947,-0.010309208702761086
2020-11-12,-0.002343131021794176,0.03662132734990031,0.003382566588727265,-0.034265359315329036
2020-11-13,0.0004191874396966,0.002547552717421464,0.010788731342629587,0.02412733854225979
2020-11-17,-0.007564195104156735,0.05559276937282975,-0.009943768585849111,0.013364966063683426
2020-11-18,-0.011391475346757107,0.008988152900985202,-0.01325776721528471,-0.037755412057404736
2020-11-19,0.005168472338673347,0.0007348899162549216,-0.0015602766963161985,0.0051064042027559875
2020-11-20,-0.01095791371891841,0.045137820846602006,-0.005301372878068422,-0.012299488989046536
2020-11-24,0.011594240646314535,0.040478046632625775,0.0,0.0665650490816756
2020-11-25,0.007467232983090932,-0.01964382784787766,-0.001320458560250981,-0.027870620277936187
2020-12-01,0.030827308557356492,-0.04192625951044282,0.019145437376317798,0.009703929178851656
2020-12-02,0.0029335519886766193,0.021171823185194727,0.004679581191572968,0.03740210896259977
2020-12-03,-0.0011373295471638345,0.012723580680175761,0.005805670538088448,0.0067604631719568875
2020-12-04,-0.005612594550375993,-0.038344949058079725,0.008523346555376454,0.03655813011089304
2020-12-08,0.005090780277800189,-0.0453576006387062,0.01731884015827867,0.03276272142065806
2020-12-09,-0.02090362355376174,0.012705073309037251,0.010227842678405263,0.013257663606529801
2020-12-10,0.011988789505883002,-0.015572121156616547,-0.005552042822620451,0.02827107961756492
2020-12-11,-0.006734849675479215,-0.011283218109780502,0.004597544972070322,-0.004771513634428848
2020-12-15,0.05009034913073718,0.008855135259981495,0.010062093103716974,0.019422056816783106
2020-12-16,-0.0005474425128617622,0.09751836309514528,-0.005977536328293898,0.015334499950329539
2020-12-17,0.006963398914495489,0.07013245133867341,0.026391559860928115,-0.005034158131613675
2020-12-18,-0.01585069311848064,0.014593135822884129,0.005793713283587909,-0.017249442891848932
2020-12-22,0.028464434323234533,0.042974334095805755,-0.0019600328016337043,-0.01692475885094291
2020-12-23,-0.006976263607934463,-0.022776055438033516,-0.005107390068681994,0.012851577845001794
2020-12-24,0.007712352361217256,0.021281190940612982,0.0034880382769550966,-0.004069925051377488
2020-12-29,-0.013314746253649368,0.010250355112868093,0.0062012454660433924,-0.011260278086645426
2020-12-30,-0.008526380139004197,0.054034499850387885,0.012391322850711983,0.007996085464474723
2020-12-31,-0.007702938840535856,0.005574281038085438,0.008522948408527409,-0.009134610388994324
2021-01-05,0.012363933774915514,0.06319658000613337,0.011757408823818594,0.04819257602438953
2021-01-06,-0.03366154007551747,0.08331071417326141,0.0094102534153373,0.025517230876145325
2021-01-07,0.03412305917242997,0.0691574669750421,0.00337813246367924,0.007845562591295874
2021-01-08,0.008631132873714975,0.0362338992996023,-0.002057849779060872,0.011121400091900657
2021-01-12,-0.0013954344120585827,-0.046214502171538774,-0.007780585513717075,0.022203172363250978
2021-01-13,0.016226785683397305,0.10003249550509552,-0.0015173101947815182,0.011278142365424682
2021-01-14,-0.015127523291646239,0.050138030111625875,0.017480174443397223,0.03903346951386255
2021-01-15,-0.013730309659791051,-0.06027358971670127,-0.0021785202351225497,-0.04810176233073504
2021-01-20,0.03285614666348291,-0.014473454791977813,-0.002457623749600013,0.0141279902135929
2021-01-21,0.03665812095208465,-0.1328368400602007,-0.004002797090712051,-0.028669518076997913
2021-01-22,0.016074066525387343,0.07072224005462169,0.011253224667535422,-0.014134340495918774
2021-01-26,0.0016792866572072906,0.006286058316783416,0.027111769390491647,-0.02196188072609595
2021-01-27,-0.0076837997650726075,-0.06562212475675022,-0.015250966972849667,-0.011336401470493307
2021-01-28,-0.03498515806273872,0.09968113394222766,0.007624200662734948,0.01565617865494917
2021-01-29,-0.037420626459704676,0.02540747568580648,-0.03564667437627045,-0.02648720054268272
2021-02-02,0.006336187299998519,0.05883361479570781,-0.008972894627575334,0.015805836482308155
2021-02-03,-0.00777808113235634,0.055245981743407446,-0.004651246940762688,0.03922842620359024
2021-02-04,0.025757560848985506,-0.014571470120209207,0.009283722469432876,0.019190391220183622
2021-02-05,-0.0030978349186416843,0.032991388091470286,0.01518592359951243,0.03351949061488102
2021-02-09,-0.006573935924864549,0.006161523959955284,0.0081861312424798,-0.011711955690985043
2021-02-10,-0.004558408561952554,-0.03362488605290981,0.003247928851185078,0.0096780678247681
2021-02-11,-0.0019203481342618955,0.0665910372634968,-0.004496319949732763,-0.025039089969424833
2021-02-12,0.0017761110055465323,-0.008442623839676311,0.003131081663235058,0.013643646691796851
2021-02-17,-0.01764394735486352,0.05994196027730325,0.003574562380676438,0.015564640354446269
2021-02-18,-0.008636513822642744,-0.008997504596578998,0.0004826380513462958,-0.015704614429205677
2021-02-19,0.0012334504019175796,0.08143096900475189,-0.016652794760580014,0.006727998875277086
2021-02-23,-0.0011111795642925193,-0.09930198541853996,-0.008834168903586459,0.01381202190013986
2021-02-24,-0.004052157942609824,0.018042326886684945,0.013400738235474163,0.029972635647243395
2021-02-25,-0.03478279127438211,-0.052539242009451814,0.0010456012931521208,-0.016578420243857916
2021-02-26,0.002231838513635509,-0.016012490351298148,-0.02641955001574048,-0.024928288417274458
2021-03-02,-0.020893734723744006,-0.025231161886280384,-0.0018831027100509878,-0.005851221212040736
2021-03-03,-0.02445649485997292,0.04463205996986197,-0.01760764262320913,0.008026019179850685
2021-03-04,-0.015811790731874775,-0.039120359814156846,-0.02016392723493421,0.038747199944023425
2021-03-05,0.010738367588942754,0.007539701660092213,0.01979495049052593,0.0378132007313674
2021-03-09,0.04064973989441478,0.049335220420617,0.001906297166230475,-0.015442536419852049
2021-03-10,-0.009166571898503229,0.021604243798385436,0.009194678941689238,0.030702510751614343
2021-03-11,0.01650276025303521,0.032076714848716215,-6.293282881075779e-05,-0.007447098695822829
2021-03-12,-0.007625636422397997,-0.008183206626845796,0.0028905652894108957,0.010765179321819085
2021-03-16,0.012743064108333257,0.01605702194966918,0.005922088812930326,-0.021195686226177735
2021-03-17,-0.0064506800165407,0.036369962842253134,-0.0037180347825992444,0.004398761540603813
2021-03-18,-0.0339050475836965,-0.017189693893861602,-0.0018659004292052028,-0.04311928147578292
2021-03-19,-0.004480321678517973,0.008429650137686817,-0.0026794714816414933,-0.005633086934405118
2021-03-23,-0.006888725005645191,0.0038474981233158623,-0.0009343005215836087,-0.012341457569835512
2021-03-24,-0.019993616678406045,-0.035891807492523076,0.00972826689658457,0.020282794153894113
2021-03-25,0.004163493653266626,-0.020277031922222966,0.00037061764977841527,-0.0028399986748367523
2021-03-26,0.005141427582792346,0.06639992475218648,0.01827504135222391,0.0272335133018331
2021-03-30,-0.012274634963489905,0.020216245195582738,-0.00620315305075847,-0.012369369417227327
2021-03-31,0.018765704969256003,1.9359634988669328e-05,-0.003999884141580701,-0.015170312422196353
2021-04-01,0.006958656102245886,0.0030037350775407035,-0.00924858952167229,0.027941883754931673
2021-04-06,0.002462228052899862,-0.014655445594718208,-0.00024503128906561145,-0.002831711307073159
2021-04-07,0.013390418916691349,-0.036833390122360865,0.001346658100478626,0.004437246796237471
2021-04-08,0.019234062265895302,0.04058980823677527,-0.003911784391440021,-0.010425971122968059
2021-04-09,0.020251198382427837,-0.0013536328475677317,-0.010553795265881627,-0.0023214009190067886
2021-04-13,0.024306393428464856,0.06027376479221824,-0.013363217799534755,0.003783680651459287
2021-04-14,-0.01785301616857804,-0.00620063437737306,0.0027592387616908187,0.028899620586847696
2021-04-15,0.018708052058756586,0.003237480473297971,0.002938876489284814,-0.00593172750420512
2021-04-16,-0.002527903851363922,-0.027501379378466195,0.011534487223927137,-0.00561595823062655
2021-04-20,-0.012829795584422765,0.013436976092944253,0.02329571842388911,-0.021069406489508724
2021-04-21,0.002929743933106854,-0.045454287638402646,0.0006608313809728372,0.012841415673347178
2021-04-22,-0.011685094478228075,-0.0397694659817468,-0.00846425734835754,-0.013035749392651508
2021-04-23,0.018038426899185556,-0.012917150838772984,0.0020584136300809686,0.005427847799917673
2021-04-27,-0.0024494680919103784,0.018721407731506323,-0.005727443087181205,0.013110583871410508
2021-04-28,-0.006027380077809785,-0.003787066282106566,-0.007353587267019734,0.03013651329542899
2021-04-29,-0.0007485942015439395,-0.02315733013830157,0.013705187943938713,0.014283299607340982
2021-04-30,-0.015133212977153532,0.07833176806484676,-0.008952159160625528,-0.028842979993947138
2021-05-04,-0.03538577519566766,-0.06760024652955021,0.01549549672197359,0.006290374711886315
2021-05-05,0.00195554627552319,0.07669599321369813,-0.0041721469626330165,0.030072588117597387
2021-05-06,0.01280254621278365,-0.01789307689659958,0.0040103041573276155,0.009512779498849655
2021-05-07,0.005327273586797299,0.017020319573156195,0.004530628462591668,0.014297479631700583
2021-05-11,-0.007410230341862056,0.01512317249631967,-0.008163572793732143,-0.0317994431009343
2021-05-12,-0.024938604801489017,-0.1332174549686006,-0.004026630280634325,0.005358444021439368
2021-05-13,0.017919696812872754,0.011508648851976444,0.01046382306305449,-0.012325157972353562
2021-05-14,0.019844865333117356,0.00330563837155351,0.0015298046198506388,0.02478921697666081
2021-05-18,-0.011245918707452285,-0.014426855146374762,0.00035186332358017047,-0.028300336690672334
2021-05-19,-0.0012813586986987202,-0.13766122609163733,-0.002170435135441906,-0.023994790870338623
2021-05-20,0.02101206949436918,0.10216344466291027,0.005820769156463124,-0.0023736649196428594
2021-05-21,-0.01476703381656519,-0.08528232829817228,-0.0006426897609054238,0.0013596845971315386
2021-05-25,-0.0015736822349314838,-0.007847826326095597,-0.002755817755002221,-0.022647386385503454
2021-05-26,-0.00039394822079663605,0.023227211885217036,-0.005938481036779741,0.011671870144211338
2021-05-27,-0.012376932820799436,-0.021815700174415475,-0.0015378248201765032,-0.006446945911479762
2021-05-28,-0.005347842256099411,-0.07126897282320166,0.002606711845948073,-0.0032448170447452185
2021-06-02,0.006276042556407235,0.02426756732611457,0.004047308516100356,0.007938911519691505
2021-06-03,-0.01215409109218557,0.043475133082156336,-0.0009628574886860752,0.003938489708344539
2021-06-04,0.019022055791287018,-0.05902658087058821,-0.0004209988283969679,0.004413241943877821
2021-06-08,0.006671929146458977,-0.0026243254847995168,-0.008796641815750128,0.017690632295792375
2021-06-09,0.003077144246265373,0.11569117681725527,0.013464844235954398,0.008369397750917162
2021-06-10,-0.008023160852023814,-0.01720501684509279,0.00899787431111787,0.0015962274924727904
2021-06-11,0.00983251872620805,0.01721406171757467,-0.012688265006224997,-0.009243161750432272
2021-06-15,-0.0064376768004330565,0.004669320789865594,-0.005321134495314794,0.03641069994177104
2021-06-16,0.0039340914074113,-0.05096256237308472,-0.00036487818673902606,-0.003575282894577536
2021-06-17,0.012600732195777509,-0.007655308506355651,0.004804301548032575,-0.0329174482892961
2021-06-18,-0.010091757381526012,-0.0595545108824469,-0.01960992383460214,-0.025649219091811726
2021-06-22,0.0126984682398803,0.02616961270137308,-0.0013429458412325124,0.019172220186313593
2021-06-23,-0.0020901844675924597,0.0374509295196066,-0.006050315701823239,0.00736800408497551
2021-06-24,-0.0021687249277735354,0.027856637741157764,0.004550164934888912,0.004046097893360301
2021-06-25,-0.0022488172110071147,-0.0872604012088013,0.005141604701860869,0.002170062245575144
2021-06-29,0.011499954745145535,0.04162825758718758,6.100504372241744e-05,-0.006189366889839398
2021-06-30,0.004621447946619117,-0.02305527321430456,0.004328432396961235,0.007345975613525013
2021-07-01,0.0022631533871935172,-0.04191448950075438,0.007405635232184515,0.0028533492130260463
2021-07-02,0.019596405132510597,0.00967855812266083,0.018197216870247557,-0.0014225434042380858
2021-07-07,0.01795538403834196,-0.011095808977648836,0.008573049790495002,-0.015642905542877172
2021-07-08,-0.009199644952554875,-0.028886355129662422,-0.0019479809308561302,-0.004469268521175684
2021-07-09,0.013054992496283724,0.02800225791699673,0.003962848578595413,0.018124213145847
2021-07-13,0.007888968043017641,-0.013687548281983153,-0.0012391123026664896,-0.0047409181472684025
2021-07-14,0.024100735300513376,0.003679352094793975,0.006793861621454456,-0.022174572663013925
2021-07-15,-0.004492129807451839,-0.031734999531688124,-0.0120291041322802,-0.00974328051136597
2021-07-16,-0.014076076074178157,-0.011302175908234458,-0.0016035437476729086,-0.0276503078204422
2021-07-20,0.025974390990877616,-0.03278895069501786,0.009407997368058751,0.011020761222900743
2021-07-21,-0.005131911539401179,0.07727442675168827,0.006174044465103945,0.03216579155621835
2021-07-22,0.00962868929269356,0.006303573302191001,0.002891022663721987,-0.011253442075374376
2021-07-23,0.01198902116152678,0.03925482537500802,0.010648175543622074,-0.0012256939319778004
2021-07-27,-0.014900202048024669,0.055424286615063156,0.004596635365734736,-0.011114890282302503
2021-07-28,-0.012195852267919971,0.014945713184850051,-0.0027801938621119238,0.006744080769278904
2021-07-29,0.004551971132841892,0.00031292265067750513,0.0,0.012195089520499858
2021-07-30,0.0015108061459281341,0.055666404612466414,0.00011643059889454577,-0.023078328849572394
2021-08-03,0.012644204536282677,-0.02675797936526192,0.012306203298778629,0.010767688740610515
2021-08-04,-0.0027824629164142634,0.041792893187100555,-0.005906168602678785,-0.02336779847578041
2021-08-05,0.0007488284123975397,0.02822946527400849,0.0019034953925076703,0.0063335911943558365
2021-08-06,-0.004767284477042444,0.04763803587748594,-0.0033393914576124173,0.011538278129225032
2021-08-10,-0.0033538153912494595,-0.016830892309838696,0.00034561214817663277,0.01713295183681418
2021-08-11,0.0017855683433576353,0.00018877838873909702,0.0001725453861192161,0.002921783244226539
2021-08-12,0.020773551998920725,-0.02555943636254754,0.00805528377061071,-0.0022616287754099185
2021-08-13,0.0014106930110702187,0.07574073458615982,0.005993285686064276,-0.010113420677720697
2021-08-17,-0.006154000999677667,-0.028456465011732934,0.009165191733171651,-0.0067926892226801705
2021-08-18,-0.02550104673053455,0.002367765389513554,-0.012703682074109324,-0.021058541592690605
2021-08-19,0.00232290701500637,0.04277544261522093,0.007788030436628901,-0.030520171164671317
2021-08-20,0.010157036150111098,0.056115872471717454,0.004872051560956603,0.0001895383507628523
2021-08-24,-0.0006012414948424194,-0.037137725293038826,-0.012499628592294476,0.008195260870257792
2021-08-25,-0.00842140112592904,0.02630002081428562,-0.006613578561632805,0.0018061493673371398
2021-08-26,-0.005527147335159244,-0.04122830434622349,-0.00533794390869613,-0.013523234835032483
2021-08-27,0.0071845823450154,0.04508626296557394,-0.0021350165044569103,0.01937494322033584
2021-08-31,-0.008424722009466423,0.0023738850726162664,-0.003051940567778355,-0.011602649450400349
2021-09-01,0.004478747625116908,0.03562556399047523,0.0035232182670714707,-0.013756390430573195
2021-09-02,0.007474711833112213,0.009840830417728652,0.0068492425267321355,0.02436295964509383
2021-09-03,0.004230659464944386,0.014143210068944922,0.0006291582497730541,-0.003812765025894782
2021-09-08,-0.010083716031442091,-0.015375366885328479,-0.0024374894664410673,-0.009165748400572382
2021-09-09,-0.006704976117587469,0.006509485739778498,-0.0222802305418347,0.0007400528784671234
2021-09-10,-0.0331017811124541,-0.032495484247323514,-0.00654466227966477,-0.0020337440794768735
2021-09-14,-0.009562074489408157,0.0473592610325122,-0.006031397693649465,-0.01426770350669937
2021-09-15,0.006143798884366003,0.023015462091804384,0.0037622924692843895,0.03371202626057235
2021-09-16,-0.0016105565326823834,-0.008157286726135138,-0.0012094492142042945,-0.01063456779954386
2021-09-17,-0.018347875689487148,-0.010795386730801604,-0.002844412765142801,-0.011823636633359946
2021-09-21,0.0034280510233133388,-0.050185206746199196,0.004395645620186794,-0.0009312479817460417
2021-09-22,0.016872110134654505,0.07079311406361999,-0.0036473411780693077,0.029269078376773505
2021-09-23,0.006719417399947192,0.0303064775724482,0.005673444033406083,0.03387074351885011
2021-09-24,0.0006130345785961833,-0.04578111561282838,-0.003032788697749922,0.008935052826402501
2021-09-28,-0.02380138516724617,-0.02844007873591181,-0.0022063899666333597,0.010455162518274053
2021-09-29,0.006483080265340391,0.012911568502261384,0.007431885049416831,-0.0006673299540115307
2021-09-30,-0.009311783252194505,0.05356827518164842,-0.015363846883308163,-0.017702195763573014
2021-10-01,0.008127165232715283,0.09878873042688929,-0.006377619160482073,0.03587258349727995
2021-10-05,0.014158524475059941,0.048905889117254686,0.0022609091565239936,-0.0016203961616052531
2021-10-06,0.006307242489032916,0.0746704982911468,0.002068051524735104,-0.01833804747375023
2021-10-07,0.009084457654930711,-0.02809653406297008,0.008942627665055491,0.002810279024162199
2021-10-08,-0.002721857545986306,0.0030082765538104184,-0.0025415050990956756,0.025057758529782426
2021-10-12,-0.00910335207840185,-0.025114999851183484,-0.01597519918356105,-0.005198162455110178
2021-10-13,-0.004239917463911169,0.02426861834211813,0.009575799301550614,-0.0027761550984380934
2021-10-14,0.020225611172483005,-0.001386283921372633,0.005715954360470565,0.01522857777704334
2021-10-15,0.007512535013199262,0.07453440740995654,0.007432310677742082,0.009516186423399464
2021-10-19,0.015080120633292893,0.036047967727284025,0.02342012819420325,0.01502570299254935
2021-10-20,0.0033611194129576916,0.026934175102288238,-0.0005491617920259095,0.005511738378676023
2021-10-21,0.001473946828477235,-0.057319313661295834,-0.0023203811224933313,-0.01816751676694317
2021-10-22,-0.005284629839286015,-0.024399647264276236,0.0019585105970456596,0.006859070105382337
2021-10-26,0.004574761215514034,-0.04244985266320056,0.010178018518530285,0.023154381972155802
2021-10-27,-0.0031477155844760185,-0.03116779376295975,-0.012126864499263701,-0.025971982019742934
2021-10-28,0.02499171978471537,0.03658793903693369,-0.005435442340939178,0.002806753948418672
2021-10-29,-0.018155323270117818,0.02648913766352501,0.00018420050053924442,0.0024880102028717044
2021-11-02,0.007116094267622719,0.03642353446805324,0.01576487646093927,-0.012341854798917917
2021-11-03,0.009798911777941122,-0.004054563588107407,-0.0032006761351021096,-0.013730469620455321
2021-11-04,-0.0034984693037100056,-0.024103783966732184,-0.0027868016786436467,0.007508045035640176
2021-11-05,0.0035820258788878956,-0.005313959884109654,-0.007108285233760836,0.009470738470641615
2021-11-09,0.002459462608249252,-0.008806096371717143,-0.0022103475344626977,0.009738180142305985
2021-11-10,-0.01916317077922003,-0.029513867421399387,0.010829998663675289,-0.019700534462939623
2021-11-11,-0.0003381815153441492,-0.0006965054346836919,-0.007365832100622249,0.0018692699820810343
2021-11-12,0.014336976904132603,-0.01222509636324598,0.011958569941170172,-0.00761923063528136
2021-11-16,0.0066662016352128095,-0.05344145330150951,-0.005197948379976447,0.010097792799409033
2021-11-17,0.016490446784679813,0.003436857419438999,0.003749660511497721,-0.010919823176280707
2021-11-18,0.028535850826232778,-0.05674983989800575,-0.005389729712948932,-0.010884693853531524
2021-11-19,0.01697599899329494,0.020677857806173483,0.003017480091461744,-0.046219083839112995
2021-11-23,0.0024222058129259594,0.022735855747423095,0.006199323727810402,0.026337311449079248
2021-11-24,0.003283310809237605,-0.02238438701660228,-0.002800600947529097,0.005543932174298272
2021-11-30,0.03157812481601718,-0.013858989986877734,-0.023912470357177806,-0.028413556486317937
2021-12-01,-0.0032066106440569175,0.003936508510805847,0.013788304008965024,-0.0008357028717540516
2021-12-02,-0.0061297810868179425,-0.013140205787574133,-0.006262635078742473,0.024920599938065724
2021-12-03,-0.011724614300849034,-0.05098586481791345,0.014577626925567744,-0.006364339301895283
2021-12-07,0.03544625378777089,0.002322159783127109,0.002577757427246974,0.011204935617227463
2021-12-08,0.022783049130877364,-0.00385184874717448,0.00599888029065565,0.002890572376690992
2021-12-09,-0.0029701319512380753,-0.05608726213196957,0.009492363407700877,0.0025620865483155786
2021-12-10,0.02801338093317063,-0.00899511908452133,-0.0024712624260931904,0.006388564804102215
2021-12-14,-0.008023169962242616,-0.00267125345649466,0.01092315612038286,-0.0014603306525292625
2021-12-15,0.028509206026966494,0.04900151967252708,0.004991634022593505,-0.004387470936601301
2021-12-16,-0.03926386002378934,-0.025181582897818466,0.010926607605121319,0.0016320351943392986
2021-12-17,-0.006501801087160919,-0.030699007215741814,-0.027628297879657704,-0.02183469136303784
2021-12-21,0.0190870345479357,0.04386356169401262,-0.003219403025584988,0.022650504693790596
2021-12-22,0.015318525545493733,-0.006295931447672265,0.0043059888395799994,0.008099198537693031
2021-12-23,0.0036440078244293073,0.04433669194360079,0.0019058070990878306,0.0004917639695511955
2021-12-28,-0.005767149626031087,-0.06025942562091624,0.004007735331712059,-0.0032315150530356496
2021-12-29,0.0005020103461792491,-0.02404227880624954,0.007044260520705725,-0.008753391663925747
2021-12-30,-0.006578321131150644,0.01579112126431248,0.004430187970582367,-0.005887175025325542
2021-12-31,-0.003535392294048867,-0.018476352917798256,-0.007196441534817799,0.006579978728366465
2022-01-04,-0.012691437775226633,-0.012065555013512697,-0.0026817740406805957,0.03761417222126706
2022-01-05,-0.026599906647507887,-0.050734060615097554,0.006663691450379705,0.012437309592426171
2022-01-06,-0.01669334516244403,-0.009366159015892994,-0.0034256544949848866,0.02352052442541508
2022-01-07,0.000988371449972325,-0.03714070469186992,0.013517194836901503,0.008196645902564637
2022-01-11,0.01678386741926552,0.021869109453241498,-0.0106302409270852,0.042062310991243024
2022-01-12,0.002570409263306095,0.028389418684672707,-0.00852543182821841,-0.0029430784398241094
2022-01-13,-0.019028317853882593,-0.030888714484173407,-0.006066269027177551,-0.007169080532538619
2022-01-14,0.0051107322297798685,0.011930269358978673,-0.0054515953619386215,0.01755628130433995
2022-01-19,-0.02102472362473573,-0.014897823244158781,-0.0031118932615760153,0.00041046954760526333
2022-01-20,-0.010347048536815007,-0.02548634039729203,-0.00798421668268312,0.0021885754171562244
2022-01-21,-0.012765006346957986,-0.10381165615712484,-0.002299490444689911,-0.015012970838539252
2022-01-25,-0.011384519288296757,0.008175727030871549,0.028594144846169955,0.029399481223541857
2022-01-26,-0.0005633085299960872,-0.002757016878562668,0.004474115267292023,-0.010143063238769456
2022-01-27,-0.00294331525570235,0.007763821260712289,0.013125137378479534,0.012808614724228562
2022-01-28,0.06977764776154727,0.017397102127314046,0.00703414924423118,0.0021298382286929485
2022-02-01,-0.0009728290384114491,0.00676006528835682,-0.008183676970888398,0.06411263014816493
2022-02-02,0.0070445182079836854,-0.046209029430310355,0.01106030884530007,-0.002598397393914209
2022-02-03,-0.016719955837458778,0.005456046132945147,-5.769776532960069e-05,-0.01165939727259635
2022-02-04,-0.0016792956554222416,0.116978066100073,-0.006540788434544309,0.02171181378560516
2022-02-08,0.01846670021625796,0.0063448528050995545,0.0026306214132301164,-0.025852471841430247
2022-02-09,0.008293843295381631,0.004994545046617338,-0.00011654494808821525,-0.004787319817847302
2022-02-10,-0.023599132266615586,-0.01744935921313273,-0.012070596455856286,-0.009620253669604395
2022-02-11,-0.02021828944800419,-0.026561982607033352,-0.010093370189254713,0.025178946774728095
2022-02-15,0.023152475091942737,0.04668769779745485,0.010326097257836953,-0.012534595990445818
2022-02-16,-0.001388998297077837,-0.013759752216496501,-0.000597765230102465,0.004615893262800874
2022-02-17,-0.021269112204508556,-0.07788223029977337,-0.006100047713673451,-0.0015316360624414438
2022-02-18,-0.009355881387103082,-0.012507647384577658,-0.010718860728387347,-0.011121115581100849
2022-02-23,-0.025863936709247026,-0.025843815613622922,0.0004966312555465535,0.0040542844700350855
2022-02-24,0.016680120599909642,0.027778400368163814,-0.019104434777756252,-0.012634831872020302
2022-02-25,0.012965316028382023,0.022998939789759643,0.04970259928979259,0.026912714017371053
2022-03-01,-0.01162786859192766,0.026888524570001016,-0.0034634201047054614,0.009563790703944974
2022-03-02,0.020588381240660203,-0.009706302725009275,0.01243875291894092,0.017178349557532835
2022-03-03,-0.001981391136484101,-0.03351981142193561,0.014695497938239876,0.0063329667515983346
2022-03-04,-0.018408123801975318,-0.07806935036049167,0.005935301209365695,0.03763583461369713
2022-03-08,-0.011675816454170929,0.017740259990833174,-0.020265993402357352,0.007575589314398057
2022-03-09,0.034997608662428625,0.08378639716414904,0.0037933361074753424,-0.05684641401017476
2022-03-10,-0.027186207674317897,-0.060630954045771346,0.0017714194070950207,0.031042311272969858
2022-03-11,-0.02390901441286286,-0.016291319622939393,-0.0018273747033242804,-0.005154763953762909
2022-03-15,0.029677664705367812,-0.008268101563720931,0.025918849003124356,-0.056912428672601156
2022-03-16,0.029015287328655326,0.04588714481344902,-0.009197287240009233,-0.003755638474981504
2022-03-17,0.0064541860039826204,-0.00467993171076464,0.013064422577560908,0.026647725306882863
2022-03-18,0.020918695969989853,0.020750884742987363,-0.011085956776826111,-0.003925146947737379
2022-03-22,0.020800543014275474,0.031180014163224357,-0.004720487862688638,-0.004379589877722578
2022-03-23,0.008233851113197188,0.012610091153007819,-0.003771191531818374,0.0157623589083582
2022-03-24,0.022677673325413483,0.024898646221148013,0.005162358230506481,0.003007307674443238
2022-03-25,0.0037341965639630104,0.008821397620525806,0.00958658500033982,0.021827679497373298
2022-03-29,0.019134530781353076,0.0071661546110000085,-0.0005059118449092237,-0.005313496280552554
2022-03-30,-0.006649679799290431,-0.008491735032190584,0.01040845148096059,0.017118146172469206
2022-03-31,-0.017775580633487165,-0.03238210822970233,-0.013140923829359274,-0.014204111099232253
2022-04-01,-0.0017182617915659781,0.016315115388267687,0.005416400929310505,0.0064172457503093305
2022-04-05,-0.01894222480483021,-0.02287907280900814,0.006459932135948421,-0.005171211902505024
2022-04-06,-0.01845072647828394,-0.05156849392240015,0.026012051755686327,0.011120928883310732
2022-04-07,0.0018040671586092571,0.006876459247305178,-0.0025792580185227676,0.01673625233424869
2022-04-08,-0.011908742613523482,-0.02795577079433975,0.00198092930106597,0.0210464916611659
2022-04-12,0.011523444803804406,0.015315083892861292,0.0003335048818922104,0.020870597969629534
2022-04-13,0.016342731812928557,0.025906300465151855,0.004224383862259318,0.014135521104525983
2022-04-14,-0.02998853365080112,-0.029908006531745968,-0.0042066135120243375,0.01174955332130767
2022-04-19,0.014115319498817724,0.016571096753378534,0.030507792515450438,-0.008921573232017366
2022-04-20,-0.0010155412418033638,-0.003093074404708074,0.004424135152059083,0.0022789794944721997
2022-04-21,-0.004843718104025063,-0.020471984048854197,-0.0028820412310724963,-0.010572864993879771
2022-04-22,-0.02782139655362803,-0.019420038833716236,-0.00992615987519263,-0.02183185224264217
2022-04-26,-0.037328111020925814,-0.057858267871623625,-0.0071503924263235374,0.0003646552230633926
2022-04-27,-0.0014666812470693902,0.029478882606909007,-0.013969799111703596,0.02855722585124898
2022-04-28,0.04515522986823939,0.013575224570606004,0.0074684178139499124,0.030245784628116335
2022-04-29,-0.03660466911672333,-0.02926557389929385,-0.016352657483146626,-0.02236232233593516
2022-05-03,0.009622891840541437,-0.020215120218891713,-0.001959121575278444,0.0205992201970584
2022-05-04,0.041008472719219036,0.051599856624237495,0.010712843638214675,0.039800715952423626
2022-05-05,-0.05571633322354941,-0.07867402068901796,-0.019090009561979593,-0.015158572024914996
2022-05-06,0.004727218830515412,-0.014606061408683924,-0.002206331020230823,0.015280980227322827
2022-05-10,0.01611201299531384,0.02396125848050934,-0.0013532886392462196,0.006630319590340106
2022-05-11,-0.0518413034345756,-0.06725839173272163,-0.005420973878668578,0.020818499584260186
2022-05-12,-0.026894235122344234,0.003849706798608521,0.009878965956742869,0.004539595127715845
2022-05-13,0.03191649619831849,0.008102229834508146,-0.005734497266137506,0.029664103353864713
2022-05-17,0.025422415841651835,0.018850785235190015,0.004155451592015247,0.012754417009955166
2022-05-18,-0.05641936560489569,-0.05605711989808215,-0.018566135707327014,-0.015850772906423227
2022-05-19,-0.02464104959870239,0.05550304428240649,-0.008888684922424672,0.005405433829135831
2022-05-20,0.0017470977752043204,-0.036734890846488066,0.017477212256619357,0.007900237475933158
2022-05-24,-0.01921597433813338,0.019130468401079792,0.010922953099204769,0.005431854343411091
2022-05-25,0.0011397176132736941,-0.003143576713387941,-0.009812501889023273,0.020127317239681197
2022-05-26,0.02319955707079302,-0.009983529917456657,-0.0008907856251448854,0.003530430750710689
2022-05-27,0.040757127284121175,-0.02185551924250806,0.009082690827211914,0.009830126037834619
2022-06-01,-0.0008731376085557851,-0.06269536357891181,-0.010137589497856037,0.019166501004714842
2022-06-02,0.016811163006259955,0.02243049790035867,-0.0031513071025901507,-0.0017375202596279227
2022-06-03,-0.038555540186360315,-0.02504629358369581,-0.004120895624386223,0.014538937173753208
2022-06-07,0.0175860764524578,-0.006859698773187373,0.010997486101356646,0.04583180213427007
2022-06-08,-0.005043673072273713,-0.03020730515832104,-0.005943514273237027,0.011802150857858074
2022-06-09,-0.0359555379919787,-0.003387708269364409,-0.02013766070163847,-0.02160804261614724
2022-06-10,-0.038628684586247464,-0.03414563715680452,-0.00667759979666771,-0.01827426601677795
2022-06-14,0.0066728714112092025,-0.012477914053041661,-0.015338774550796574,0.0026079913963319434
2022-06-15,0.02011187044178553,0.01648355417709846,0.010702353867910519,-0.012591005736490857
2022-06-16,-0.03965175379290331,-0.09707194434960298,0.0005293711861611428,-0.03688493034651885
2022-06-17,0.01153322868109119,0.004407495444594733,-0.0036454727221251204,-0.05766498303390932
2022-06-22,-0.00382674608810063,-0.034937106663198714,0.01577930001721306,-0.0395715265999137
2022-06-23,0.02157322249379079,0.05497803800296652,0.022305849133035238,-0.03016131899272745
2022-06-24,0.024517402590625403,0.006913598955313738,0.014638728297677872,0.01983331217747497
2022-06-28,-0.029789611261539894,-0.02193553187871977,-0.028442661421062554,0.027743638801376758
2022-06-29,0.013023541467789279,-0.008708372798288844,0.00028234019799810994,-0.036940006257132896
2022-06-30,-0.018027302478775042,-0.01588223750298734,0.0029379528109307884,-0.028143442548380637
2022-07-01,0.016163833550390416,-0.02604834458398897,0.011323628380177642,0.022302698857095793
2022-07-06,0.0096069597481645,0.017737930428710857,0.0008985689517615469,-0.018040520199091747
2022-07-07,0.023999566510828796,0.053013857820514154,0.0011214149672753582,0.03194055634762871
2022-07-08,0.00471474671956873,0.004322538045727464,-0.0012324322364972717,0.0016290810224264263
2022-07-12,0.006833665058741278,-0.03237979740682695,-0.014017243929009826,-0.013311467347001726
2022-07-13,-0.002536781952322098,0.04596171114078618,-0.00233159299797836,0.004023643804855315
2022-07-14,0.020482682090671833,0.017704551212910147,0.0013677713169435446,-0.02003790134311645
2022-07-15,0.011450192187684172,0.012951348577769028,0.014515034141276972,0.016839248339352686
2022-07-19,0.02672179238886918,0.0401919693193753,-0.014578464683174586,0.025203125839877716
2022-07-20,0.013509807437201315,-0.006742410894342465,-0.00570790520325315,0.010988955962289992
2022-07-21,0.01509432735245797,-0.0028884421706671937,0.0035145223402472947,-0.01669657406589997
2022-07-22,-0.008110823564011604,-0.01941107679491816,0.004728525260496719,-0.0076352645596552415
2022-07-26,-0.008826573299021034,-0.005708686992848544,0.007074123936526622,-0.0038896503976482144
2022-07-27,0.03423498055589502,0.0796052030234431,-0.0027635583620213566,0.021644524774449003
2022-07-28,0.003571549006889274,0.0398306162434614,0.0057736550274054554,0.011685061378752026
2022-07-29,0.03279329780095219,-0.0016462880701044735,0.0018368072239931532,0.04630816457944453
2022-08-02,-0.009287135157202253,-0.014415336683737068,-0.005692807138914291,-0.0043395375563047844
2022-08-03,0.038247639055023264,-0.0057275961266136655,0.009657705816315865,-0.032422723794774067
2022-08-04,-0.0019262246053898258,-0.009434736504108754,-0.016037623878441543,-0.042078557889867696
2022-08-05,-0.00138916816475243,0.029091011085651708,-0.00395836918004655,0.014451131930121042
2022-08-09,0.00030310522734078305,-0.02709709734425869,-0.0001173484062175767,0.018437204165044463
2022-08-10,0.02619474419615897,0.033815983988709775,0.002879025307607863,0.009493471976362411
2022-08-11,-0.004431748747795616,0.00041284726535173455,-0.020682942655527614,0.028927815225902043
2022-08-12,0.021425576662900347,0.018586602023192844,-0.011008681397067455,0.008692070440678767
2022-08-16,-0.0009238253416866682,-0.010510085263709001,0.008910763704323088,-0.009315277978188985
2022-08-17,0.00878459067199966,-0.02291530796119967,5.9747505821050595e-05,0.008090772515755296
2022-08-18,-0.0022917019198552824,-0.005281958173694035,-0.004833568939168198,0.02364406024642518
2022-08-19,-0.015102066912607293,-0.10059931398792521,0.015230593793554625,-0.0031784358556011805
2022-08-23,-0.0020291654538102666,0.006036741981122917,-0.008711818869091448,0.042442239053605446
2022-08-24,0.0017938020087202577,-0.006181150878381003,-0.0033106979964163674,0.005918243958545011
2022-08-25,0.014922788741334791,0.009623023027591993,0.009360992232694043,0.005173453532083316
2022-08-26,-0.037699245560254946,-0.06207539958496022,-0.017112340161294926,-0.012311948785536209
2022-08-30,-0.015305374230805247,-0.024691382971281484,-0.0034969189115545696,-0.03805434932078777
2022-08-31,-0.010634925381477256,0.012777568511970205,-0.006710684698718383,-0.007476127432653468
2022-09-01,0.004706664408042016,0.0038592451457939436,0.024792453617407784,-0.017993236553000003
2022-09-02,-0.013611053926903427,-0.007818752974256604,-0.015725330163293805,0.018322925281941016
2022-09-07,0.009253604661995096,0.024029314602578067,0.005454405434670795,-0.008530863439741743
2022-09-08,-0.009617530193871016,0.0020481649337233954,0.008045065230467552,0.008179472450924097
2022-09-09,0.018839631441484705,0.10612188190716765,0.0019349302618245634,0.016752657267841142
2022-09-13,-0.05867952306555868,-0.09270006906083372,-0.02602040347457424,-0.023358309949815248
2022-09-14,0.009555241508100831,-0.0027402074343571003,0.02064107723973363,0.024546430237143868
2022-09-15,-0.018929906023891885,-0.026672422800232853,0.00255046280165927,-0.029077522982985826
2022-09-16,-0.010960229877419514,0.003622774615297697,0.015265486226985647,-0.01708331639978644
2022-09-20,0.01566561235387587,-0.033428956945789956,-0.00787812764780138,-0.0081543086478717
2022-09-21,-0.02026782866099819,-0.018177571658806957,-0.010244501178922949,-0.016118637150992488
2022-09-22,-0.0063750331859345755,0.04669928789927913,0.017760706947817395,-0.0041780651720031425
2022-09-23,-0.015124139522006974,-0.005970680514919002,0.003249551797365191,-0.05321868855895617
2022-09-27,0.006566098890193439,-0.005832956039052206,-0.0045867209854632,0.02095754525390281
2022-09-28,-0.012651447041808317,0.016544467837213528,0.008609274714903359,0.03638898407629054
2022-09-29,-0.049119378218559384,0.007532412719634118,-0.0110002044530505,-0.0020257793266379442
2022-09-30,-0.03003889276174354,-0.0072171538473359,-0.0071111652057849195,-0.015448739869295958
2022-10-04,0.0256229011874356,0.036347275524413414,0.014828331241960369,0.03644474865207581
2022-10-05,0.002053340510139945,-0.008660486125090072,-0.003079273445466324,0.04041173946327836
2022-10-06,-0.006625685422134375,-0.01018185214187517,-0.019380886801722452,0.02966082210841403
2022-10-07,-0.03671865881881342,-0.02047530303595302,-0.01056148746659058,-0.010091995963470768
2022-10-11,-0.010254889203778594,-0.00470529894576166,0.014462992474014058,-0.008498455398653681
2022-10-12,-0.0046049021447120975,0.005565325579645286,-0.00024570290153924645,0.004387861446999208
2022-10-13,0.033612729406162556,0.011768739552548313,0.015120575793023283,0.034948840222873256
2022-10-14,-0.03223989271723071,-0.010176392755898878,-0.004178010103378038,-0.026308190714392388
2022-10-18,0.009409555567792882,-0.011065647631146036,-0.0034818676374540614,0.001788759520139127
2022-10-19,0.000765278977352235,-0.010079479991405349,-0.007951154645846947,0.029662834741388977
2022-10-20,-0.003267112047176113,-0.004482602172654282,0.00255010110132603,0.0013488293509236193
2022-10-21,0.02705951423138142,0.006231244583192241,0.02180372813532183,0.018570189631439638
2022-10-25,0.019337461775781772,0.03878330120960949,-0.0015790637298567223,-0.0067539820956669105
2022-10-26,-0.01962689350673763,0.03356831063305088,0.008786714846997778,0.011900164241949618
2022-10-27,-0.03046571260809483,-0.0233314959115013,0.0005808358733034868,0.0038269530487042847
2022-10-28,0.07555267278675903,0.015257721000682789,0.014856899316358252,0.029288453820076832
2022-11-01,-0.01754250756585196,-0.0005123007449325812,-0.005058361711069881,0.009926935492928779
2022-11-02,-0.0373051209447689,-0.015902620594443806,-0.01536783256524954,-0.02055234016312346
2022-11-03,-0.04240500317961504,0.0025042468919260763,0.0017017584042928746,0.013593793399994114
2022-11-04,-0.001947187977215603,0.0463751969796804,0.004451551568767531,0.010890932144752119
2022-11-08,0.004174846019840306,-0.10006131594948431,0.004971837919785171,0.003167785449834204
2022-11-09,-0.03319011969243313,-0.14349022466876316,-0.007996007882272615,-0.044736905311632214
2022-11-10,0.08897461702532428,0.10742489862358795,0.011713631988955697,0.014692565424277326
2022-11-11,0.019268991819687997,-0.03141443647663533,-0.029919241933160423,0.031221613660708636
2022-11-15,0.011869132153355721,0.016031463998783302,0.002792267442964347,0.006703792877532644
2022-11-16,-0.008331004125410435,-0.0127437818409466,0.006206707231046549,-0.010689393792441715
2022-11-17,0.012971493036666226,0.0010845070736082985,0.008071250330545121,0.0013283930034297953
2022-11-18,0.0037816474071532546,0.0006148167681003791,0.007663058717746196,-0.008668023598135788
2022-11-22,0.014661215815958473,0.025494274188105903,0.004830517886868613,0.028926741312113924
2022-11-23,0.005926276611053938,0.02600021570334854,0.0010745184126512708,-0.004992045956562885
2022-11-29,-0.021148351930093123,0.014038085481754337,-0.00699261798716122,0.006647870592440874
2022-11-30,0.048593869156185354,0.044000289316970864,0.010846799102503635,0.007237304636874109
2022-12-01,0.0018914605374407145,-0.011732697360023692,0.00415723317882577,-0.004849954856218197
2022-12-02,-0.0033710224825079793,0.007162515027905547,0.0007831762828272026,-0.008483867150096303
2022-12-06,-0.025370069837025833,0.006755753090715411,-0.014990475680202842,-0.027795827482121283
2022-12-07,-0.013784765126226839,-0.01412428087141393,0.006076202505602035,-0.002214201925412218
2022-12-08,0.012132841513506465,0.022871839541696026,0.00016931064766678716,0.0074288162822433446
2022-12-09,-0.003435109982316331,-0.005821360340788395,-0.008239338364438242,-0.008427504575033606
2022-12-13,0.006782733011997388,0.033410801008343594,0.007703385362036963,0.010933969039349067
2022-12-14,-0.015535983159431166,0.0019307922256450727,0.0030691639327382614,-0.00736602983615231
2022-12-15,-0.04685426371677981,-0.02530276169357326,-0.012627990687371082,-0.009580993305621899
2022-12-16,-0.014578722751782514,-0.04131220425223303,-0.01025403643624112,-0.007018361896615644
2022-12-20,-0.0005288072895059948,0.028384068842582266,0.001082723587065404,0.0144528789495586
2022-12-21,0.02380950427880868,-0.005250676176186131,0.011441919259317368,0.012840811968625854
2022-12-22,-0.023772692513586602,0.0007615052090579333,-0.0036582462719776387,-0.020174004969116588
2022-12-23,-0.0027979666202019304,-0.001983838015767403,0.002541668169676159,0.02644505568783262
2022-12-28,-0.030685160755172025,-0.009846255365429935,-0.004339651126865851,-0.01642631833545327
2022-12-29,0.02832429506921308,0.0054232979508825885,0.005094458422113313,0.0075660917409050565
2022-12-30,0.00246888239292109,-0.002388838052975517,-0.005125233320064315,0.010073240079746304
2023-01-04,0.010314208573187766,0.010994150293785143,0.010887402936045287,0.0029106021128246784
2023-01-05,-0.010604596470271233,-0.0015715814888571655,-0.007383786251768054,0.022374126754860058
2023-01-06,0.03679397906447379,0.006844106816741524,0.008109686839299357,0.012086765107988562
2023-01-10,0.004456401453741599,0.014522576515372032,-0.0023921015568807436,0.014934838764829594
2023-01-11,0.021112268169743986,0.02800615102017323,-0.001598462344655771,0.011627098458503848
2023-01-12,-0.0005992804453629486,0.052115795988246116,-0.00503196037161846,0.016611081047151366
2023-01-13,0.010118921587334961,0.05511441660269112,-0.0032761850456378694,-0.0006182696616859884
2023-01-18,-0.005369993657873939,-0.022339524368838015,-0.015084740210231096,-0.020543583410052024
2023-01-19,0.00044374286442550037,0.019238045679950355,-0.0013547081230120828,0.006418729223866437
2023-01-20,0.01922067240892611,0.07539125404137925,-0.004660133967452018,0.018235844978834237
2023-01-24,0.010063255439073382,-0.012991945703908492,0.0,0.00931172606325048
2023-01-25,-0.004700753364906607,0.021266153759075257,0.0071297325162151814,-0.00527185311951639
2023-01-26,0.014803385804294633,-0.003680359408276712,-0.003657604081955146,0.040190847899164384
2023-01-27,0.01368443679489384,0.0019950339114214177,-0.003908045313664066,-0.018257732334459598
2023-01-31,0.009020749186744892,0.013097316769725253,0.008765214410980438,0.02157464989322344
2023-02-01,0.00790098571603548,0.025259482888651652,0.009178947887996669,-0.0109475228801863
2023-02-02,0.037062626046402425,-0.01061797692681965,0.003759503458192981,-0.03128791660117647
2023-02-03,0.024400041981307963,-0.0009606745041729203,-0.005617981520281146,0.006927393063904441
2023-02-07,0.01924452397077059,0.022151986720186922,0.0002449345054802432,0.028550806402261486
2023-02-08,-0.01765281605472946,-0.013965290320121615,0.0012851541758203133,-0.008701850910451281
2023-02-09,-0.006911356759796705,-0.04883996317743455,-0.013507715767396844,0.0037747977333124627
2023-02-10,0.0024560791272425497,-0.007693073387383564,0.004646756349789616,0.04215131496352287
2023-02-14,-0.004224986067134728,0.018924303145655852,-0.004362462849781035,-0.011714904868895482
2023-02-15,0.013903366158957375,0.09392266116037784,-0.01647740224495553,-0.0030063558722321915
2023-02-16,-0.010429287911170593,-0.028154173176657027,-0.007090498733805628,-0.0029292268877941785
2023-02-17,-0.0075465621423917995,0.03988096453648349,0.020877324016999044,-0.03845153003558954
2023-02-22,0.002896007194458372,-0.01012875204423358,-0.0013923451115064323,-0.012953219010104378
2023-02-23,0.00329057170226843,-0.00997780485063493,-0.0003168207942726431,0.009204317946933882
2023-02-24,-0.01800531930600968,-0.03129201289670536,-0.011158249672553522,9.041931442022033e-05
2023-02-28,-0.0034478027713653603,-0.01596393470118429,-0.015228370886799292,-0.0057890621052881786
2023-03-01,-0.014246162198661039,0.02156606219747892,-0.0045019642817095695,0.008916244637083848
2023-03-02,0.004129202348385874,-0.007235050302163204,-0.0007868381605681263,0.004599203603284696
2023-03-03,0.035090269222657344,-0.047402129167592566,0.010298677968409331,0.012656977744362807
2023-03-07,-0.014496791930316055,-0.00936203961743065,-0.009449776610344185,-0.019330488761913567
2023-03-08,0.008377496674028428,-0.022578517406286358,-0.0073332827303438375,-0.014604458666188647
2023-03-09,-0.01491470289424568,-0.06239311158608585,-0.011244642252916437,-0.007728686932246598
2023-03-10,-0.013878715075265169,-0.008632183779056501,0.0024464723845163405,-0.012370586270876838
2023-03-14,0.014089158224440235,0.022669294883089997,0.0056186481168323255,0.003754434984817756
2023-03-15,0.002621398443027223,-0.014956444322371198,0.002793790247522576,-0.049747339045928984
2023-03-16,0.01869399445967468,0.027766213062754286,-0.0020733173888956014,-0.005806027059370611
2023-03-17,-0.005453951308759586,0.0946457745317153,-0.010712117330566095,-0.011778809984986371
2023-03-21,0.011944265862344094,0.014714466837708162,0.0,0.04480234354805912
2023-03-22,-0.009103252643056114,-0.030820008681536337,-0.018454558149660905,-0.022888632998069314
2023-03-23,0.006969116132744757,0.03759177902540278,0.0005295428346470121,-0.01128215055007431
2023-03-24,0.008305917552304365,-0.02967065403073854,0.010057755198067175,0.001160307608986777
2023-03-28,-0.003980280311568607,0.004725228944394866,-0.00965449836715393,0.01247650043978199
2023-03-29,0.019790931255345257,0.0396180637553154,0.009814336142359048,0.017176904326721365
2023-03-30,0.009889594074196761,-0.0111074503792854,0.0007826050332462309,0.004864151491219104
2023-03-31,0.015644408205729876,0.015871042968584437,0.010232679631664077,0.0015527476958636655
2023-04-04,-0.0032497705551132183,0.0135971982612757,0.010455698510463796,-0.009558198099609339
2023-04-05,-0.011290296502179165,0.000351267384649967,0.04492408781469881,0.017127521657710032
2023-04-06,0.0054959317192802,-0.004749940528704033,-0.0027775270267111907,-0.016582631944529247
2023-04-11,-0.0075914574727050654,0.019629666758571807,-0.00030421120299384263,0.0070717611872297415
2023-04-12,-0.004353033332983536,-0.003175315803583212,-0.0021307358493919404,-0.0010402029655747214
2023-04-13,0.034103809327761914,0.00862713483952482,0.01336024307525907,0.004686007505179557
2023-04-14,-0.002114126160719376,0.002849851088919886,-0.0016257012060624243,0.002418748861843678
2023-04-18,0.007504581276911448,0.032348662229154,-0.028127980437753553,0.019529244250404032
2023-04-19,0.0069683018840553945,-0.0518092051895368,0.009440273706694313,-0.0031641652611938964
2023-04-20,-0.005846289380658454,-0.020008250880993006,0.006460436805272307,-0.007977854908857274
2023-04-21,-0.009780866130124855,-0.034308522518338824,-0.0054407001827506685,0.003199516802596447
2023-04-25,-0.009435749183616782,0.02841955147295372,0.00916446900788892,-0.014213138166829675
2023-04-26,-6.10611289957319e-05,0.004066170397882152,-0.01549833762038555,-0.009183049369070106
2023-04-27,0.028395442406386362,0.036980508331842854,0.002336728592282844,0.011953364612422579
2023-04-28,0.00754119586087687,-0.00453030993708059,0.004294470426612573,0.012924756482810329
2023-05-02,-0.0061913909270518985,0.020966033026897257,0.00874111842135461,-0.03985348736804939
2023-05-03,-0.006467294990082806,0.01135862564681589,-0.013088698223511996,-0.019709333947921293
2023-05-04,-0.009913480186490298,-0.005467695268338013,-0.004543454111021306,-0.017511391360736872
2023-05-05,0.04692702763216694,0.023803407820215394,0.003392244548692913,0.02489628374558328
2023-05-09,-0.009970896100327309,-0.0012817829272578907,-0.007763195401951473,0.00027507796005221685
2023-05-10,0.010420709845070819,-0.0013384371045779275,0.003725796387294311,-0.012827557213758944
2023-05-11,0.0010950769965420992,-0.022481076150133283,-0.004082822378441153,-0.018099032584501518
2023-05-12,-0.0054178109499277705,-0.007251596524522896,-0.001304405503666728,-9.47299628956122e-05
2023-05-16,0.0,-0.005738415341494774,-0.0013164919134937003,-0.02426950890999524
2023-05-17,0.0036034113012357594,0.013394867282656264,-0.0021962427850377164,0.022434633778955826
2023-05-18,0.013665819579922633,-0.02067950762275983,-0.0032079011251161527,0.009063072520883786
2023-05-19,0.0006284941053398274,0.0021585968530852817,0.002713297939316961,0.004632883118524722
2023-05-23,-0.015155149447031668,0.013945303754316907,-0.0003824615767572537,0.013623026413287942
2023-05-24,0.0016322574070382068,-0.03272302765106416,-0.0009566781818658443,0.011184172144275806
2023-05-25,0.00669218968064933,0.005368887301425707,-0.014362117362646476,-0.017938371942551212
2023-05-26,0.014104920239550234,0.009181223884829448,-0.00038866200851384036,-0.006530526877285614
2023-05-31,-0.00028205370319944745,-0.01742420455507676,0.004469806519714847,-0.01787764483575993
2023-06-01,0.016022466704784355,-0.014683709247646393,-0.00335364365661861,0.011548103172936752
2023-06-02,0.004775393910126047,0.01601855426947596,0.015724252034232222,0.02321994359217472
2023-06-06,-0.0020600096273234447,0.057402171630208665,-0.0008840628734805289,0.008167716903612732
2023-06-07,-0.007756573899519559,-0.03277624957004588,0.002149507838919762,0.022421026738226102
2023-06-08,0.015465071407378295,0.0061572444403654725,0.010976145590602115,-0.003132797113815977
2023-06-09,0.0021600073076066817,-0.0010503081775867784,-0.0015596914716579091,-0.007394234021281365
2023-06-13,-0.002611680438176278,0.0006265231396582749,0.005253516584508899,0.00018797760421596088
2023-06-14,0.003491499447345836,-0.030636253390914137,0.005101197181901496,-0.0120257084255041
2023-06-15,0.011198581603195867,0.017979087727655774,0.0134315492114645,0.006941799042955443
2023-06-16,-0.005860021502729462,0.029365685552642073,0.0030538785947222813,-0.00717724130270847
2023-06-21,-0.005675289043023279,0.06000562340273241,-0.0015231170546128325,0.011195599137854062
2023-06-22,0.01652532823182784,-0.0038303689299371557,0.010617352714053174,-0.005487755258567817
2023-06-23,-0.001711260059780395,0.02618280743799839,-0.0008450961376846866,-0.008712455084449622
2023-06-27,0.015059215587458263,0.013776598074988877,-0.002078015711065806,0.002493137205683116
2023-06-28,0.006327645255992165,-0.01961401038928634,-0.0020207842825454847,0.008130179666330006
2023-06-29,0.0017966125175250536,0.011935868224670187,0.006995608601993997,0.012333847379418117
2023-06-30,0.023102489718478836,0.0010477918298796851,0.008653160424859418,0.005154798625491619
2023-07-06,0.002508677357429656,-0.019821224171432172,-0.0074318954817163,-0.03732118782015614
2023-07-07,-0.005891237088061052,0.014474667943441766,-0.014542024799774067,0.002331953641575568
2023-07-11,-0.002809914266634017,0.006788889103658935,-0.00551666658707306,0.01222649111483709
2023-07-12,0.008985600157806584,-0.007488490028050299,-0.0034672258268184653,0.00490706583012912
2023-07-13,0.004057143108501915,0.03568093437476372,0.004617996284274506,-0.01831152243911971
2023-07-14,0.0007874455254175405,-0.036280934592069825,0.006674453946705627,-0.03443652728295521
2023-07-18,-0.0013402539812771286,-0.009597533349379406,-6.277524681441715e-05,-0.004537348823554055
2023-07-19,0.007071569892026952,0.0019212301525000086,-0.002011849129222476,0.006936363885386321
2023-07-20,-0.010097205290455102,-0.0040752996439197275,0.06072824613985106,0.01761455051100702
2023-07-21,-0.006161772994910497,0.0039181140710413676,0.010749518804134217,0.004641645568584485
2023-07-25,0.004513550435651936,0.0017299501204297574,0.007657094580532986,0.0015160914326106667
2023-07-26,0.004545085470648358,0.004365152978824893,0.0019142084565035855,-0.0055829019723109274
2023-07-27,-0.006581092750378437,-0.004915119656712763,0.005616025504953326,0.0031404064433333545
2023-07-28,0.013508035369337756,0.0037163327075591113,0.004548388914424661,-0.01195246223678148
2023-08-01,-0.0042758054237055365,0.015245275282999904,0.008117870791965132,-0.005781497785381395
2023-08-02,-0.015490151621897819,-0.01764989082843693,0.006039400731113309,-0.012474076832751702
2023-08-03,-0.007321538943160566,0.0009166006009861949,0.004296565554495091,0.01738048593690822
2023-08-04,-0.048019886325272654,-0.0035843942133476636,-0.009376699521329357,0.0028005344718884384
2023-08-08,0.005311712977520422,0.020044635853149417,0.0004620717095114024,0.004944067443368949
2023-08-09,-0.008954387989719703,-0.006853508270246889,-0.0006349356310098031,0.016986911139089234
2023-08-10,-0.001234664400223462,-0.004461964714047806,-0.005200498741138815,0.005111300854664158
2023-08-11,0.00033771145075478515,-0.001083159880198692,0.009757845760054895,0.01552849345078644
2023-08-15,-0.011200485717969944,-0.008096168172366025,-0.0028829078623830995,-0.025673289502117114
2023-08-16,-0.0049590030978762245,-0.016063173634291772,-0.0031802332969047553,-0.016826827973381975
2023-08-17,-0.01455509161980606,-0.07097917151940503,0.009397363911997747,0.019371782689546313
2023-08-18,0.0028159452110165795,-0.02306411031148714,-0.008735068578096805,0.015128995895623554
2023-08-22,0.007904842340364926,-0.0035401882238949023,-0.00794749497808167,-0.005611317135838179
2023-08-23,0.02194897581521338,0.015365306423789304,-0.008974817425964177,-0.008788032190091832
2023-08-24,-0.026170644631243634,-0.01018731988472621,0.003403684740104884,-0.007466325424558384
2023-08-25,0.012643302106248422,-0.004384352975912553,0.014337823217168477,0.017865671470373767
2023-08-29,0.021810226900142338,0.062101924766441385,0.00012178590777933707,0.005954539434323225
2023-08-30,0.01917225964475877,-0.015512708305083889,-0.00353006049631166,0.009744193451337813
2023-08-31,0.0011723210797398576,-0.0500340578984273,-0.012520480459505379,0.002795824061442298
2023-09-01,0.00846345034681839,-0.005042060225742162,-0.007422164686009314,0.020955018639420286
2023-09-06,-0.03579329319065294,-0.0010374752516241204,-0.01661699426441321,0.008632138502989717
2023-09-07,-0.029249681854005782,0.018908652030005024,0.012784045388162912,-0.004890497850765563
2023-09-08,0.0034918091765669956,-0.012749181613965876,0.003311953947012336,0.014567937441542389
2023-09-12,-0.017060564332028294,0.026654161568650414,0.005656066864494269,0.029169394244159985
2023-09-13,-0.011854828265495776,0.01528956036711282,0.0025063918620757963,-0.008936875466979854
2023-09-14,0.008782542635106694,0.011870739692642074,-0.0015245572823801012,0.017863094942041302
2023-09-15,-0.004153943268210281,0.0026006171627044328,-0.013985753490238229,-0.015355833994962875
2023-09-19,0.0061808589325100805,0.017075246134672373,-0.001661869510609093,-0.0026353076987133406
2023-09-20,-0.019992003164250316,-0.00290724465500225,0.004377537358522865,-0.007926246146821025
2023-09-21,-0.008889493722074926,-0.02080107760178318,-0.007672916635760418,-0.014089274640954552
2023-09-22,0.00494442174221299,0.0004492514240630463,-0.007175649126846428,0.0015684746372373048
2023-09-26,-0.023398231004028158,-0.0030887894396227633,-0.007737319728923997,0.0015486376449556083
2023-09-27,-0.008897545539659824,0.005167086436411061,-0.012011085565337587,0.03255711402791439
2023-09-28,0.001525554947559904,0.02537992888096885,-0.001463758376479718,-0.0060729776240709965
2023-09-29,0.003046462349409973,-0.004064392478456136,-0.007203135031062957,-0.015819882682046815
2023-10-03,-0.0077699847809551414,-0.003661597010505724,0.0012245410487754516,0.0017296373467148296
2023-10-04,0.007308601744020926,0.013467601347721292,0.0011589066313908436,-0.03738231407370385
2023-10-05,0.007198058163531584,-0.01379463216164356,0.010416711815230295,-0.02251131628040559
2023-10-06,0.014750421376937162,0.01935684447622399,0.003181821225421766,-0.016698763497574376
2023-10-10,-0.0033521334898800603,-0.006984500217130485,-0.0011351002639061747,-0.004237432242059858
2023-10-11,0.007903827263474827,-0.018900326735168282,-0.013766039208887193,-0.035853117678597335
2023-10-12,0.005061443954832878,-0.0043359541366684295,0.0009602451962213987,-0.00018788716127549066
2023-10-13,-0.010292739750742852,0.003945769916393171,0.0033263997407027013,0.031934021107720145
2023-10-17,-0.008784721460409428,-0.0036367703063566736,-0.009141213903194667,0.013096880231627583
2023-10-18,-0.007394892192897795,-0.0030759792019486865,-0.021526029630784316,0.014004854421437507
2023-10-19,-0.0021609501367823025,0.013818840741083749,-0.0026843396548130727,0.0006197737167539241
2023-10-20,-0.014704270181649326,0.033535830870205396,0.004464282341329895,-0.01716514866532337
2023-10-24,0.0025433698910406477,0.02464145540134477,-0.0010567636620992804,-0.00968469015611384
2023-10-25,-0.01349162706831053,0.017736456610143003,0.002248283755348135,0.0018450932700051492
2023-10-26,-0.024605269343103697,-0.010033147199696724,-0.016955929075815557,-0.009116731596706673
2023-10-27,0.007969116263477849,-0.007226928505637331,-0.022818884661166994,-0.01905212068271056
2023-10-31,0.0028185500499553484,0.004794395311462418,0.008909543405887899,-0.0002833759770625166
2023-11-01,0.018738846893040506,0.022195613001625203,0.0023594707887342192,-0.001983958618362869
2023-11-02,0.020693165494566346,-0.014081557224217889,0.010424504440752713,0.03284750560075844
2023-11-03,-0.005181081831099221,-0.005893770145759425,0.0073214489916402226,-0.01218959902823158
2023-11-07,0.014450791872352209,0.011593090279608864,-0.00527345415853353,-0.015679681923402744
2023-11-08,0.0058848376914897305,0.005973294692089626,-0.0036448221386936597,-0.012282924916445448
2023-11-09,-0.002624454135570664,0.029107827327892632,-0.019488037567006233,0.0002914976253558521
2023-11-10,0.023220152636145963,0.01691989303173269,-0.0011530277098019681,0.007672925704212297
2023-11-14,0.014285701175761334,-0.026428838121854925,0.00020312704282443583,0.00385032932512952
2023-11-15,0.0030409367114865304,0.06592844558740318,0.007720488929040981,-0.0060409574960264
2023-11-16,0.009042178683953628,-0.04555929205565723,0.008736607626734783,-0.011576299587408356
2023-11-17,-0.00010540426436234096,0.012222842746045792,-0.0020654250238777427,0.024399736225149127
2023-11-21,-0.004231001061776762,-0.04437779006078835,0.008071325686902053,-0.0003829271534668832
2023-11-22,0.0035145052798855048,0.045192824521265385,-0.0019851083952503457,-0.0043076890093040054
2023-11-28,0.00321408445830218,0.01548599794884531,0.0023137796082066675,-0.0005771367364996172
2023-11-29,-0.005409660220899837,0.0007244373065387055,0.0031654035206454267,-0.015014537393580718
2023-11-30,0.003062781899887179,-0.0038497596002547985,0.01676408230628823,0.003908645095556329
2023-12-01,0.006791324850122571,0.025879947957747618,0.024052958839904992,0.0024334119546691735
2023-12-05,0.021063262548402406,0.05003682455553493,-0.0020771414657141385,-0.019427822618146795
2023-12-06,-0.005687153246178522,-0.007581629055975703,-0.012172671272347668,-0.013241667189267003
2023-12-07,0.010139250354428864,-0.010372985662227885,-0.007789574335653526,-0.006961984566861479
2023-12-08,0.0074124012213534485,0.02018673414826888,-0.006306317463669386,0.01148128091671552
2023-12-12,0.007920063693149126,0.005004157345118276,6.458358314764823e-05,-0.015759864947795355
2023-12-13,0.016691483267303076,0.03475299863154757,0.004642986286656381,0.0088728527034736
2023-12-14,0.0007577812569776743,0.0031062756659134827,0.0069322928891650815,0.026890611933220843
2023-12-15,-0.002725869031747985,-0.025432678020983368,-0.010900668473411534,-0.006694376647423006
2023-12-19,0.005360285953275756,-0.008282083715112631,0.006561976672444736,0.013182459265556945
2023-12-20,-0.010714141167980862,0.032687613405284255,-0.020388520757752215,-0.01670072800361555
2023-12-21,-0.0007698761827973355,0.0049688697318006625,0.010243140778646076,0.0045422470768741174
2023-12-22,-0.0055474743430301565,0.002934864092908329,0.004004078128240662,0.0017695260150190073
2023-12-27,0.0005179831432664539,0.021694364920222586,0.001345307640279847,-0.004699203495728832
2023-12-28,0.002226350000067878,-0.01876027694786908,0.001470975742722258,-0.014460037255036418
2023-12-29,-0.005424250246156781,-0.012396896798793966,0.0010217436932664636,-0.0020960282545101627
2024-01-03,-0.007487657809578385,-0.04692812036242189,0.006251260437544426,0.008401677536234997
2024-01-04,-0.012700010777470627,0.03108057856532498,-0.0021121819277029052,-0.008719353178234912
2024-01-05,-0.004013024744302096,-0.0003900067727314882,0.003112634942193049,0.0030297877764466907
2024-01-09,-0.0022634921555452214,-0.017687130611972357,0.000618957528103703,-0.012386072446306184
2024-01-10,0.005671443027754242,0.010577584004972662,0.0014848819042088124,-0.00983238713411383
2024-01-11,-0.0032224889435764625,-0.005558733892443213,-0.0044477386178215506,-0.00020273525737157794
2024-01-12,0.0017779866757745566,-0.07581464687080208,0.0076944860417316185,0.012972513788584328
2024-01-17,-0.005173440258431028,-0.009553782672285682,-0.0005606684859095212,-0.007267741020320795
2024-01-18,0.03257053070362592,-0.034639725632667706,0.004862191646151759,-0.0018561954928826285
2024-01-19,0.015532875361270237,0.00863620644230223,0.00291517787451423,0.0015495218402028499
2024-01-23,0.0066531606548534405,0.008560013431039293,-0.0163721258757068,0.01125796934915746
2024-01-24,-0.0034839415696884535,0.005810521700930993,-0.005318783588120879,0.017260795060876744
2024-01-25,-0.0016966170625744015,-0.0035747525934159974,0.003774607851406042,0.025401528281305596
2024-01-26,-0.009012656450872347,0.04715459322091098,-0.00037616403859519476,0.008518714365447488
2024-01-30,-0.019245939177032878,-0.007753530092744043,-0.003702394802093556,0.01667781741304819
2024-01-31,-0.019357558116415707,-0.00861423582021903,0.0008187351251134345,-0.019456322984966135
2024-02-01,0.013340651815943794,0.011581441842771323,-0.003398204444075792,-0.004085146992092392
2024-02-02,-0.0054052149697524365,0.0025556346111748063,-0.011050847576331013,-0.004101903872358426
2024-02-06,0.008631901274030795,0.009986338686479135,0.014505942466995325,0.006892974677678909
2024-02-07,0.0005809383640928978,0.028630850081180936,-0.0005062430625043524,-0.00029327352765129433
2024-02-08,-0.005754405340129831,0.022188248784866804,-0.01000124818154191,0.01711997109256469
2024-02-09,0.004093870017866763,0.040741037427910465,0.0023018561054717335,-0.021160038456238595
2024-02-13,-0.011274392925847865,-0.004319233922406296,-0.008742502806071584,-0.008609056360496692
2024-02-14,-0.004809771022246667,0.041900916949929146,-0.004665445702355053,-0.004933706339822264
2024-02-15,-0.0015747167696340547,0.0021583350882306007,0.013997640738810713,0.028659375572363865
2024-02-16,-0.008430438954647679,0.004267512618200353,-0.0011484741611904603,0.0
2024-02-21,0.0041860155075681416,-0.008524364120598982,0.0051944064844304805,0.02043795608847354
2024-02-22,0.011243870010741785,-0.010305082651198116,0.011154581338255865,-0.0008582723928293179
2024-02-23,-0.0100340749491874,-0.011168964874795462,0.008663140717649176,-0.008782051861101925
2024-02-27,0.0081144526246264,0.04700762695380023,0.0011818916084589404,-0.0021103347949744666
2024-02-28,-0.0066255528565841715,0.09493531994124749,0.0035406847422048138,0.002787709298750274
2024-02-29,-0.003693078234560443,-0.020900898468654838,-0.0010522855246813956,0.0019172485586813615
2024-03-01,-0.006030429518385949,0.020298739001094468,0.004585403401654142,0.012629064386178834
2024-03-05,-0.028440903384239435,-0.06628402455760396,0.0008134050612387256,0.012265391794471947
2024-03-06,-0.00587829860066158,0.03613733749494208,-0.003938145245806934,0.010696632115009486
2024-03-07,-0.000709519534275449,0.012384196927533564,-0.0029496166666599377,0.005619610391813357
2024-03-08,0.0102367084511088,0.020539401213709896,0.004091448499722317,0.00940670215561834
2024-03-12,0.0027784413204459124,-0.008909905479502545,0.009365676841480042,-0.0064207397263861266
2024-03-13,-0.012122400495199637,0.022414410239567806,-0.01007748591612756,0.01117042428332149
2024-03-14,0.010927269406326934,-0.0230819028918976,-0.01173176431531664,0.017712107038158065
2024-03-15,-0.002196702658614602,-0.027911980219644583,-0.006469646101726401,-0.0017942707603391117
2024-03-19,0.013585162868881895,-0.08343356981432348,-0.0035084744677603696,0.007034685770644922
2024-03-20,0.014709012438977265,0.09692504638897836,-0.002880949990202386,-0.0008841758492095231
2024-03-21,-0.04085727402207795,-0.03566706353999505,-6.41206374194514e-05,0.004425080340813903
2024-03-22,0.005310246580856548,-0.02615044343853401,-0.003338748081194165,0.0
2024-03-26,-0.006672228509361555,0.00041486463910467286,0.003543178947743808,-0.0075010746163347575
2024-03-27,0.021212307344465886,-0.007608353371227561,0.01405939143343038,0.01036990962569706
2024-03-28,-0.010559092903652423,0.018567460837021654,0.0014559763895720668,0.011046415836199808
2024-04-02,-0.006998721676476527,-0.061047985989492126,-0.00031680636206266044,0.01957437194444611
2024-04-03,0.00479749581042177,0.008156830210526378,-0.02199977401920794,0.0001677677924138976
2024-04-04,-0.00489230716170308,0.038314642609167615,-0.011409343365420987,0.003520481230220307
2024-04-05,0.004501730070037402,-0.009797320875087778,-0.0007211478244772973,0.013782307948519978
2024-04-09,0.007242519796887947,-0.03479403115822832,0.004617679935110752,0.0052259309687705535
2024-04-10,-0.011139364800198948,0.0209558550176423,-0.01372388957623838,0.008417223721824962
2024-04-11,0.04327092194962723,-0.007469744331340511,-0.009387429943989667,-0.0033551553954060953
2024-04-12,0.00862669943595007,-0.04088948430588779,-0.008535560338028159,-0.011659393835305787
2024-04-16,-0.01916731391986848,0.006080330797783695,-0.021275169956672446,-0.008271944548054244
2024-04-17,-0.008147449518766448,-0.03972884891052719,0.002215316082876617,-0.0005055990142056599
2024-04-18,-0.0057140893155832595,0.03649124077498622,0.006700357978574933,-0.0009272628834973151
2024-04-19,-0.01221267089493805,0.005208661031110617,0.014889358855473267,0.011474893825741628
2024-04-23,0.006391736515837909,-0.006439574982440521,0.002950516619926624,0.0038984855026995557
2024-04-24,0.012702283383141166,-0.03208044676017341,-0.006886869868886314,0.00016534199843132313
2024-04-25,0.005147310352241252,0.0031863484195515657,-0.011512848694424038,0.0023131248454597575
2024-04-26,-0.00347296963057131,-0.011265004482557628,-0.004631322700338836,-0.027775671008315128
2024-04-30,-0.018270851090189666,-0.050191249309274655,-0.015188648094114798,-0.011450933682651376
2024-05-01,-0.006047239066312438,-0.03929695449375714,0.04557717826199825,-0.018939762077779143
2024-05-02,0.02203193072454135,0.014924669552331737,-0.008334452231403944,0.001809883615385699
2024-05-03,0.05981629418061418,0.06370405294167747,-0.004335594327870007,-0.002064601288702006
2024-05-07,0.003797173596530312,-0.01309542885757653,0.0009421582592732403,-0.004967902224204845
2024-05-08,0.0018642647445030747,-0.018398626419713127,0.00154654553493061,-0.00017211867129440783
2024-05-09,0.010014289637186202,0.03043115176709965,0.006042525241306551,0.019715932125106583
2024-05-10,-0.006890360477958768,-0.035799920573900024,0.00040032907784737226,-0.004052847572954543
2024-05-14,0.00617350344669676,-0.02144084393922019,0.001057908360066584,0.006070308251992396
2024-05-15,0.012217924134276581,0.07659609250545496,0.008521582026843388,0.007733541184072434
2024-05-16,0.0006324329410758445,-0.01563225228621834,0.010545618211977859,-0.005987514790674497
2024-05-17,0.0001581095540452715,0.02790508695432159,0.0023334242991097653,0.015016490547799188
2024-05-21,0.006857261522338787,-0.018358253231772315,-0.00019839399582699535,-0.006909752481796483
2024-05-22,-0.007538349669168998,-0.01446030042296964,0.014943232026146891,-0.0201104133979243
2024-05-23,-0.021058081777516335,-0.017255976976508713,-0.0247558299438696,-0.017059160833976295
2024-05-24,0.016588068465596573,0.008781729788116976,-0.01823654770761629,-0.0007930346972641056
2024-05-29,0.001579037759802615,-0.01051485738366742,0.00041572328177164053,-0.010708713674236647
2024-05-30,0.005255134165798259,0.011644282841286824,0.0058153728348684375,0.0031682195842230865
2024-05-31,0.005018581339208517,-0.012778150001159894,0.009567723266494577,0.028686728886296642
2024-06-04,0.0016492634542049078,0.025622992224831664,0.00040594252027803535,-0.015552676608672877
2024-06-05,0.007820766092966114,0.007298724608017615,-0.01238149196945637,0.0039940178073869514
2024-06-06,-0.00709639387411809,-0.004581363662391591,0.0030828619387170964,0.007514092813807771
2024-06-07,0.012391970824561893,-0.01999201273457618,0.00450748820762481,-0.010704579645571588
2024-06-11,0.07264901630910736,-0.03136496113771259,-0.0025148368608314264,-0.008047379452826298
2024-06-12,0.028578510140339075,0.013502581655740586,-0.009198691696888028,-0.011054619055204218
2024-06-13,0.005491033904519993,-0.021757960505889518,0.00027496481775468595,-0.008023167274838316
2024-06-14,-0.008168208318344639,-0.011164543099157487,0.0006188871644834393,-0.008451486426483079
2024-06-18,-0.010984473667644878,-0.02029695827328193,-0.0020554863596701223,0.009413093107086823
2024-06-21,-0.010444388677546712,-0.011298352821403679,0.0065638412308628435,-0.00877038741206615
2024-06-25,0.004468166905733373,0.025336630415439876,-0.01294273821460934,0.00280590291133187
2024-06-26,0.019993296783125114,-0.016072632592061153,-0.002513703074524365,0.00034966803823999193
2024-06-27,0.003985926171890641,0.013048951973404943,-0.006947219635689339,0.004282678873279933
2024-06-28,-0.016254161198422268,-0.020853310881755127,0.002469165171070653,0.0019147966211741085
2024-07-02,0.016239960118925367,-0.013093697885290578,-0.0027997177145935304,-0.006784941792071009
2024-07-03,0.005811030444628162,-0.02990687070088416,-0.002328267714500787,0.005079758408320201
2024-07-09,0.003774949840798625,0.02299844211812685,0.010791868753216027,-0.011053634226519393
2024-07-10,0.01880349696454786,-0.004598069730556098,0.01618504456893044,0.008833631653643703
2024-07-11,-0.02322089660913096,-0.006885432015347748,0.0018068877076511392,0.011883468605434322
2024-07-12,0.013050922368201823,0.009670444019596935,0.001202526431768991,0.0001765630834673626
2024-07-16,0.001791882741659867,0.003499237870556282,0.01186005415836755,0.00720429224636554
2024-07-17,-0.02529608623056767,-0.01502916014346345,0.03688518227639803,0.01378843016794673
2024-07-18,-0.020534761729446793,-0.0022571629283560934,-0.00740852102465106,0.009860568176135454
2024-07-19,0.0005799395779095828,0.042768734230136385,-0.004696822926438582,-0.022980009259683687
2024-07-23,0.004688220916181374,-0.02452573786440093,-0.012253568487581745,-0.0161359154448546
2024-07-24,-0.028754227663439047,-0.008426492953570563,0.02579578404383609,0.014107972224448151
2024-07-25,-0.004804704650613001,0.00619673448871394,0.021499888776495224,0.021041701978914196
2024-07-26,0.0021610524974700063,0.032455548053117234,0.006264090607978057,-0.0008514599340414541
2024-07-30,0.002565876665720168,-0.009262185475442442,0.017469687777193377,0.017829414679808364
2024-07-31,0.01499097596798471,-0.023893373992326827,-0.021570685589172856,0.0035542031386444073
2024-08-01,-0.016750796622504782,0.011424614182306447,0.018435104059537633,-0.013829236840607662
2024-08-02,0.006869492183189552,-0.06032105869640059,0.021025095251484327,-0.000598454438997198
2024-08-06,-0.009748217104525003,0.03783671505322772,-0.014139570602853646,-0.005314946223018646
2024-08-07,0.012498298000377606,-0.017968550940289485,-0.00044019401667438895,0.013314593357142579
2024-08-08,0.016633209314433017,0.12144256099404904,0.008306940039948252,0.019104406990611222
2024-08-09,0.013735965091612012,-0.013450358103773374,0.002496686218296018,0.008143177925413969
2024-08-13,0.017193097879130148,0.021144992390795814,-0.009319511829642524,-0.009579980690299306
2024-08-14,0.002033871481062599,-0.0308911115194338,0.0005683258788293788,0.009248330361876
2024-08-15,0.0135303747290767,-0.020041310813293967,0.0038490668122981297,0.006186450559622081
2024-08-16,0.005918541674612143,0.023175912946963972,0.0018857138127754691,-0.00471659874273167
2024-08-20,0.002744620245827223,-0.008079210921579816,0.00332019519009763,-0.033324790842160446
2024-08-21,-0.00048563560797987293,0.03664287570061453,0.007929386452569576,-0.006371244311952018
2024-08-22,-0.008259748756505925,-0.012967304646127387,0.005699177788962562,0.0077295743297807196
2024-08-23,0.010288213069664875,0.061482671821355916,0.010964054233366882,0.013858558280888555
2024-08-27,0.003741590329020328,-0.05369739018896724,-0.002570960148654433,-0.009511033707190975
2024-08-28,-0.006753444060466962,-0.00800797843742207,0.005952919428303005,-0.009857213586422109
2024-08-29,0.014570218957451253,0.006108236397788236,0.0018911259023972615,0.0138173461193567
2024-08-30,-0.0034379505601106475,-0.004524521990973862,0.0099250023385824,-0.0016082959721247514
2024-09-04,-0.008618757988215542,0.00941156177702851,0.001196272830287226,-0.012210953157895221
2024-09-05,0.006927799031515747,-0.031240343288065575,-0.014161009061880336,-0.0078028953226263464
2024-09-06,-0.007014952772974148,-0.03938239218868078,-0.0036971613659242397,-0.004683244874484571
2024-09-10,-0.0036214086874456486,0.011034389872275785,0.004621447530032574,-0.03643157207476777
2024-09-11,0.011585033553159985,-0.005300015516934153,-0.015294606356687446,-0.009926141049863113
2024-09-12,0.0004941017168016426,0.013669279499548104,-0.0010921053305859019,0.01376243311716796
2024-09-13,-0.0012119956056799719,0.04205082955798245,0.0053451157348569645,-0.00071918115686187
2024-09-17,0.0021727848929464777,0.0363626062794542,0.0004790726832468728,0.013042362536511698
2024-09-18,0.01798980094058522,0.02223798894564699,-0.005506793135981902,0.003503281641725753
2024-09-19,0.037065496423698274,0.020937291974474137,-0.008004802670588673,0.012393026164145171
2024-09-20,-0.0029275221508617832,0.004012038411551844,-0.0040042895228761255,-0.006293182673782538
2024-09-24,0.003974071620775899,0.01535087678718594,-0.002695564640143866,-0.0026414438205659696
2024-09-25,-0.004398164050728792,-0.018021597802944433,-0.013392365015592711,-0.01947879022887189
2024-09-26,0.0050802086064263285,0.032273891570151925,0.004919024923278004,-0.01716483815016534
2024-09-27,0.0011866248784970779,0.00935309904070647,6.181385754122637e-05,0.026773084824716298
2024-10-01,-0.029141667331894716,-0.039357521968434894,-0.00043179319554498274,0.023119095287940983
2024-10-02,0.0025198682441536224,-0.0033568819965540397,-0.005062259286408022,0.013257669695153407
2024-10-03,-0.004894731309917688,0.0020882627636797935,-0.004156872702793857,0.008722890509313297
2024-10-04,0.00500735316537293,0.021528753876634443,-0.001308665030603673,0.018355370343180688
2024-10-08,0.01840415395437156,-0.001682150134457161,0.0010029506127737786,-0.026561344443113977
2024-10-09,0.016698318528298728,-0.024944762232405493,0.006011873855034988,0.0004095996691102499
2024-10-10,-0.002178259280837147,-0.005077433013489285,-0.0008715625680443262,0.008600306820832682
2024-10-11,-0.006505254316087283,0.036011743668549645,0.005918610272341196,0.0038167687624712787
2024-10-15,0.011024562878821031,0.015064992457922477,0.015470265540973083,-0.03006138085079202
2024-10-16,-0.008851945794639438,0.008526251733136592,0.0010969940459715222,0.002575886016943807
2024-10-17,0.0015964690546950155,-0.0031485616380424464,0.0011565184003998752,-0.0025692678757487375
2024-10-18,0.012276499439791033,0.015118035686984221,0.003951960224982454,-0.002825016843845285
2024-10-22,-0.0026217117297860915,-9.567341618454961e-05,0.0038075708649187856,0.005163288885662087
2024-10-23,-0.021622908166571086,-0.01379441121005398,0.014744586865503617,-0.0035626485295952026
2024-10-24,-0.00082339427467093,0.02602442034118191,-0.013203821143812355,-0.005653925532885573
2024-10-25,0.0036431465632580373,-0.022280180844656217,-0.017046423805929467,-0.0008361163042075459
2024-10-29,0.0011569280319825292,0.04023493905417541,-0.009344050642797974,-0.013624957262926007
2024-10-30,-0.015277977796428921,-0.005238593875544262,0.003248186968150435,-0.005030702225714556
2024-10-31,-0.018209419639871327,-0.029366396164960396,-0.004669667324652349,0.0007713849148811569
2024-11-01,-0.01327962876732347,-0.010435331387529279,0.0016888355617867834,-0.01567056009848078
2024-11-05,0.0064862662269939975,0.02282879023690776,0.000695200048018485,0.002950856729814655
2024-11-06,-0.0032669455142031456,0.09053568676993895,-0.0029679706542166118,0.017148627738635014
2024-11-07,0.02137215679305382,0.003513808689745934,-0.0072841954640227025,0.0012396923126936077
2024-11-08,-0.00118825138805434,0.008439738809541852,-0.008039237138786404,-0.0003302459795831991
2024-11-12,0.0,-0.008406532091926988,-0.015479944580564897,-0.0009960637888632995
2024-11-13,0.003969197478504993,0.029882636380625716,0.003930939661731081,0.009306287041535022
2024-11-14,0.013770446309721018,-0.03680261786927608,-0.00894031553173913,0.0006639727976682774
2024-11-15,-0.014109165448433325,0.04373133907381366,0.014025163172364685,-0.010368326760861746
2024-11-19,0.0011401307103171554,0.019892819836786257,-0.011436324609695458,-0.013963991300499634
2024-11-20,0.0031541185202828004,0.02161166598491282,0.0007191137069384457,0.014246045097576099
2024-11-21,-0.002096044896067739,0.044151545428309014,0.015609603677750883,0.013380957835626317
2024-11-22,0.005907517065716572,0.005004201495724558,-0.002122144605087639,-0.0011481833718651746
2024-11-26,0.009404449847425056,-0.011997304040733403,-0.00012940973916208964,-0.016670814642553933
2024-11-27,-0.000553155177552056,0.04323745271515378,0.005694970108108377,-0.0026277636519151937
2024-12-03,0.012771778908692744,0.0014276215513644441,-0.015762287650872953,-0.0015273627437534243
2024-12-04,0.001483569205493751,0.02881567529768403,-0.012404873127333627,-0.02880939036478325
2024-12-05,0.0001235528470313607,-0.022020788503929523,-0.006313492150214262,0.00437505665208926
2024-12-06,-0.0008229105467324471,0.03444474217316973,-0.0014045814053469385,-0.010541732404941495
2024-12-10,0.004133767327917814,-0.007772430783165474,-0.00247340050879874,-0.002037287696433965
2024-12-11,-0.005165999427603096,0.04652269534294651,-0.017355568371981045,-0.006656608777386941
2024-12-12,0.005963636092032987,-0.011169293200355757,-0.0027278455001438218,-0.0008935334288570074
2024-12-13,0.0006856198279199255,0.014156490833941326,0.0025984443495510323,-0.008764031710924325
2024-12-17,0.009719501700597988,0.001045771070669721,0.01779628828562685,-0.004240764246304818
2024-12-18,-0.02142168313146786,-0.057462106019896764,-0.011337986010868883,-0.014720969307460474
2024-12-19,0.007014584343308705,-0.025495268879325628,-0.008082871991667906,-0.008550940004857233
2024-12-20,0.01881582284261496,0.002717960528709318,0.0061984840613713565,0.0034119176919851224
2024-12-24,0.011478149780842495,0.04213760595334648,0.0039924712652747996,0.000940773865901301
2024-12-27,-0.013242092326996358,-0.017022260795415023,-0.0036403706484174903,-9.390953311860795e-05
2024-12-31,-0.00705787267006408,0.008484077565384274,0.008929804352535209,0.01711419728688557
